Code,Symbol,Name,Market,Sector
238540.KS,238540,나노솔루션,KOSPI,기타 화학제품 제조업
387690.KQ,387690,레메디,KOSDAQ,의료용 기기 제조업
365660.KQ,365660,레몬헬스케어,KOSDAQ,소프트웨어 개발 및 공급업
475040.KQ,475040,스트라드비젼,KOSDAQ,소프트웨어 개발 및 공급업
153890.KQ,153890,져스텍,KOSDAQ,"전동기, 발전기 및 전기 변환 · 공급 · 제어 장치 제조업"
477850.KQ,477850,마키나락스,KOSDAQ,소프트웨어 개발 및 공급업
288180.KQ,288180,케이피항공산업,KOSDAQ,"항공기,우주선 및 부품 제조업"
487580.KQ,487580,폴레드,KOSDAQ,가정용 기기 제조업
439960.KQ,439960,코스모로보틱스,KOSDAQ,의료용 기기 제조업
394420.KQ,394420,리센스메디컬,KOSDAQ,의료용 기기 제조업
408470.KQ,408470,한패스,KOSDAQ,기타 금융업
493280.KQ,493280,아이엠바이오로직스,KOSDAQ,자연과학 및 공학 연구개발업
458350.KQ,458350,에스팀,KOSDAQ,기타 사업지원 서비스업
279570.KS,279570,케이뱅크,KOSPI,은행 및 저축기관
493330.KQ,493330,지에프아이,KOSDAQ,일반 목적용 기계 제조업
012210.KQ,012210,삼미금속,KOSDAQ,기타 금속 가공제품 제조업
490470.KQ,490470,세미파이브,KOSDAQ,"건축기술, 엔지니어링 및 관련 기술 서비스업"
491000.KQ,491000,리브스메드,KOSDAQ,의료용 기기 제조업
059180.KS,059180,엔더블유시,KOSPI,통신 및 방송 장비 제조업
476830.KQ,476830,알지노믹스,KOSDAQ,자연과학 및 공학 연구개발업
478340.KQ,478340,나라스페이스테크놀로지,KOSDAQ,"항공기,우주선 및 부품 제조업"
217590.KS,217590,티엠씨,KOSPI,절연선 및 케이블 제조업
464490.KQ,464490,쿼드메디슨,KOSDAQ,기초 의약물질 제조업
466690.KQ,466690,키움히어로제1호스팩,KOSDAQ,금융 지원 서비스업
261520.KQ,261520,이지스,KOSDAQ,소프트웨어 개발 및 공급업
950250.KQ,950250,테라뷰,KOSDAQ,기타 금융업
488900.KQ,488900,비츠로넥스텍,KOSDAQ,"항공기,우주선 및 부품 제조업"
388210.KQ,388210,씨엠티엑스,KOSDAQ,전자부품 제조업
403850.KQ,403850,더핑크퐁컴퍼니,KOSDAQ,"영화, 비디오물, 방송프로그램 제작 및 배급업"
403810.KS,403810,아이엘로보틱스,KOSPI,전자부품 제조업
459550.KQ,459550,알트,KOSDAQ,통신 및 방송 장비 제조업
061090.KQ,061090,세나테크놀로지,KOSDAQ,통신 및 방송 장비 제조업
494120.KQ,494120,큐리오시스,KOSDAQ,사진장비 및 광학기기 제조업
469610.KQ,469610,이노테크,KOSDAQ,특수 목적용 기계 제조업
486990.KQ,486990,노타,KOSDAQ,소프트웨어 개발 및 공급업
014950.KQ,014950,삼익제약,KOSDAQ,의약품 제조업
317450.KS,317450,명인제약,KOSPI,의약품 제조업
488280.KQ,488280,에스투더블유,KOSDAQ,소프트웨어 개발 및 공급업
342870.KQ,342870,오아,KOSDAQ,가전제품 및 정보통신장비 소매업
496320.KS,496320,본시스템즈,KOSPI,특수 목적용 기계 제조업
318060.KQ,318060,그래피,KOSDAQ,합성고무 및 플라스틱 물질 제조업
397810.KQ,397810,애드포러스,KOSDAQ,광고업
125490.KQ,125490,한라캐스트,KOSDAQ,자동차 신품 부품 제조업
484590.KQ,484590,삼양컴텍,KOSDAQ,무기 및 총포탄 제조업
456160.KQ,456160,지투지바이오,KOSDAQ,의약품 제조업
309710.KQ,309710,아이티켐,KOSDAQ,기초 의약물질 제조업
439260.KS,439260,대한조선,KOSPI,선박 및 보트 건조업
439260.KS,439260,대한조선,KOSPI,선박 및 보트 건조업
468530.KQ,468530,프로티나,KOSDAQ,자연과학 및 공학 연구개발업
475230.KQ,475230,엔알비,KOSDAQ,기타 금속 가공제품 제조업
380550.KQ,380550,뉴로핏,KOSDAQ,소프트웨어 개발 및 공급업
484120.KQ,484120,도우인시스,KOSDAQ,전자부품 제조업
331740.KQ,331740,아우토크립트,KOSDAQ,소프트웨어 개발 및 공급업
462310.KQ,462310,뉴키즈온,KOSDAQ,봉제의복 제조업
234030.KQ,234030,싸이닉솔루션,KOSDAQ,반도체 제조업
463020.KQ,463020,뉴엔AI,KOSDAQ,소프트웨어 개발 및 공급업
388610.KQ,388610,지에프씨생명과학,KOSDAQ,기타 화학제품 제조업
455180.KQ,455180,케이지에이,KOSDAQ,특수 목적용 기계 제조업
340450.KQ,340450,지씨지놈,KOSDAQ,"그외 기타 전문, 과학 및 기술 서비스업"
474650.KQ,474650,링크솔루션,KOSDAQ,특수 목적용 기계 제조업
475430.KQ,475430,키스트론,KOSDAQ,절연선 및 케이블 제조업
496070.KQ,496070,신한제16호스팩,KOSDAQ,금융 지원 서비스업
287840.KQ,287840,인투셀,KOSDAQ,자연과학 및 공학 연구개발업
483650.KS,483650,달바글로벌,KOSPI,기타 화학제품 제조업
489460.KQ,489460,바이오비쥬,KOSDAQ,기타 화학제품 제조업
424870.KQ,424870,이뮨온시아,KOSDAQ,자연과학 및 공학 연구개발업
188040.KQ,188040,바이오포트,KOSDAQ,기타 식품 제조업
125020.KQ,125020,티씨머티리얼즈,KOSDAQ,절연선 및 케이블 제조업
376900.KQ,376900,로킷헬스케어,KOSDAQ,의료용품 및 기타 의약 관련제품 제조업
476040.KQ,476040,오가노이드사이언스,KOSDAQ,자연과학 및 공학 연구개발업
136150.KQ,136150,원일티엔아이,KOSDAQ,일반 목적용 기계 제조업
459510.KQ,459510,나우로보틱스,KOSDAQ,특수 목적용 기계 제조업
364950.KQ,364950,에이아이코리아,KOSDAQ,특수 목적용 기계 제조업
081180.KQ,081180,쎄크,KOSDAQ,일반 목적용 기계 제조업
448900.KQ,448900,한국피아이엠,KOSDAQ,자동차 신품 부품 제조업
481070.KQ,481070,에이유브랜즈,KOSDAQ,"섬유, 의복, 신발 및 가죽제품 소매업"
101970.KQ,101970,우양에이치씨,KOSDAQ,"구조용 금속제품, 탱크 및 증기발생기 제조업"
462860.KQ,462860,더즌,KOSDAQ,전기 통신업
444530.KQ,444530,심플랫폼,KOSDAQ,소프트웨어 개발 및 공급업
484810.KQ,484810,티엑스알로보틱스,KOSDAQ,일반 목적용 기계 제조업
098070.KQ,098070,한텍,KOSDAQ,"구조용 금속제품, 탱크 및 증기발생기 제조업"
498390.KQ,498390,한화플러스제5호스팩,KOSDAQ,금융 지원 서비스업
480370.KS,480370,씨케이솔루션,KOSPI,일반 목적용 기계 제조업
031210.KS,031210,서울보증보험,KOSPI,보험업
460870.KQ,460870,에스엠씨지,KOSDAQ,유리 및 유리제품 제조업
226590.KQ,226590,엠디바이스,KOSDAQ,전자부품 제조업
393970.KQ,393970,대진첨단소재,KOSDAQ,플라스틱제품 제조업
435570.KQ,435570,에르코스,KOSDAQ,도시락 및 식사용 조리식품 제조업
489500.KQ,489500,엘케이켐,KOSDAQ,기타 화학제품 제조업
479960.KQ,479960,위너스일렉,KOSDAQ,기타 전기장비 제조업
463480.KQ,463480,모티브링크,KOSDAQ,전자부품 제조업
303810.KQ,303810,동국생명과학,KOSDAQ,의약품 제조업
475830.KQ,475830,오름테라퓨틱,KOSDAQ,기초 의약물질 제조업
240550.KQ,240550,동방메디컬,KOSDAQ,의료용 기기 제조업
212710.KQ,212710,아이에스티이,KOSDAQ,반도체 제조업
064400.KS,064400,LG씨엔에스,KOSPI,"컴퓨터 프로그래밍, 시스템 통합 및 관리업"
462980.KQ,462980,아이지넷,KOSDAQ,기타 정보 서비스업
452450.KQ,452450,피아이이,KOSDAQ,특수 목적용 기계 제조업
482630.KQ,482630,삼양엔씨켐,KOSDAQ,기타 화학제품 제조업
373160.KQ,373160,데이원컴퍼니,KOSDAQ,기타 교육기관
450950.KQ,450950,아스테라시스,KOSDAQ,의료용 기기 제조업
096250.KQ,096250,와이즈넛,KOSDAQ,소프트웨어 개발 및 공급업
475460.KQ,475460,미트박스,KOSDAQ,기타 정보 서비스업
493790.KQ,493790,유안타제17호스팩,KOSDAQ,금융 지원 서비스업
478560.KQ,478560,블랙야크아이앤씨,KOSDAQ,신발 및 신발 부분품 제조업
332190.KS,332190,오션스바이오,KOSPI,의료용 기기 제조업
432980.KQ,432980,엠에프씨,KOSDAQ,기초 의약물질 제조업
387570.KQ,387570,파인메딕스,KOSDAQ,의료용 기기 제조업
177900.KQ,177900,쓰리에이로직스,KOSDAQ,반도체 제조업
499790.KS,499790,GS피앤엘,KOSPI,기타 금융업
487360.KQ,487360,신한제14호스팩,KOSDAQ,금융 지원 서비스업
495810.KS,495810,유비씨,KOSPI,소프트웨어 개발 및 공급업
176750.KQ,176750,듀켐바이오,KOSDAQ,의약품 제조업
487720.KQ,487720,키움제10호스팩,KOSDAQ,금융 지원 서비스업
398120.KQ,398120,에스지헬스케어,KOSDAQ,의료용 기기 제조업
476060.KQ,476060,온코닉테라퓨틱스,KOSDAQ,자연과학 및 공학 연구개발업
382150.KQ,382150,온코크로스,KOSDAQ,자연과학 및 공학 연구개발업
457600.KQ,457600,벡트,KOSDAQ,영상 및 음향기기 제조업
484870.KS,484870,엠앤씨솔루션,KOSPI,특수 목적용 기계 제조업
471820.KQ,471820,셀로맥스사이언스,KOSDAQ,기타 식품 제조업
492220.KQ,492220,KB제31호스팩,KOSDAQ,금융 지원 서비스업
489480.KQ,489480,키움제11호스팩,KOSDAQ,금융 지원 서비스업
415640.KS,415640,KB발해인프라,KOSPI,신탁업 및 집합투자업
489730.KQ,489730,디비금융제13호스팩,KOSDAQ,기타 금융업
489210.KQ,489210,교보17호스팩,KOSDAQ,금융 지원 서비스업
482690.KQ,482690,대신밸런스제19호스팩,KOSDAQ,금융 지원 서비스업
459100.KQ,459100,위츠,KOSDAQ,전자부품 제조업
389680.KQ,389680,유디엠텍,KOSDAQ,소프트웨어 개발 및 공급업
474610.KQ,474610,RF시스템즈,KOSDAQ,기타 금속 가공제품 제조업
466410.KQ,466410,사이냅소프트,KOSDAQ,소프트웨어 개발 및 공급업
484130.KQ,484130,하나34호스팩,KOSDAQ,금융 지원 서비스업
475660.KQ,475660,에스켐,KOSDAQ,기타 화학제품 제조업
413390.KQ,413390,엠오티,KOSDAQ,특수 목적용 기계 제조업
487830.KQ,487830,신한제15호스팩,KOSDAQ,금융 지원 서비스업
394800.KQ,394800,쓰리빌리언,KOSDAQ,자연과학 및 공학 연구개발업
464580.KQ,464580,닷밀,KOSDAQ,"영화, 비디오물, 방송프로그램 제작 및 배급업"
473980.KQ,473980,노머스,KOSDAQ,창작 및 예술관련 서비스업
163280.KQ,163280,에어레인,KOSDAQ,일반 목적용 기계 제조업
475960.KQ,475960,토모큐브,KOSDAQ,사진장비 및 광학기기 제조업
475560.KS,475560,더본코리아,KOSPI,상품 종합 도매업
376270.KQ,376270,HEM파마,KOSDAQ,자연과학 및 공학 연구개발업
475580.KQ,475580,에이럭스,KOSDAQ,그외 기타 제품 제조업
336680.KQ,336680,탑런토탈솔루션,KOSDAQ,전자부품 제조업
458650.KQ,458650,성우,KOSDAQ,일차전지 및 이차전지 제조업
488060.KQ,488060,유진스팩11호,KOSDAQ,금융 지원 서비스업
476710.KS,476710,타조이엔터테인먼트,KOSPI,창작 및 예술관련 서비스업
466100.KQ,466100,클로봇,KOSDAQ,소프트웨어 개발 및 공급업
044990.KQ,044990,에이치엔에스하이텍,KOSDAQ,전자부품 제조업
289930.KQ,289930,웨이비스,KOSDAQ,반도체 제조업
475400.KQ,475400,씨메스로보틱스,KOSDAQ,특수 목적용 기계 제조업
457370.KQ,457370,한켐,KOSDAQ,기초 화학물질 제조업
474170.KQ,474170,루미르,KOSDAQ,"항공기,우주선 및 부품 제조업"
209640.KQ,209640,와이제이링크,KOSDAQ,특수 목적용 기계 제조업
465480.KQ,465480,인스피언,KOSDAQ,소프트웨어 개발 및 공급업
308430.KQ,308430,셀비온,KOSDAQ,의약품 제조업
381620.KQ,381620,제닉스로보틱스,KOSDAQ,특수 목적용 기계 제조업
351870.KQ,351870,차이커뮤니케이션,KOSDAQ,광고업
489790.KS,489790,한화비전,KOSPI,통신 및 방송 장비 제조업
486630.KQ,486630,KB제30호스팩,KOSDAQ,금융 지원 서비스업
464500.KQ,464500,아이언디바이스,KOSDAQ,반도체 제조업
482680.KQ,482680,미래에셋비전스팩7호,KOSDAQ,금융 지원 서비스업
469750.KQ,469750,아이비젼웍스,KOSDAQ,특수 목적용 기계 제조업
461300.KQ,461300,아이스크림미디어,KOSDAQ,소프트웨어 개발 및 공급업
456070.KQ,456070,이엔셀,KOSDAQ,기초 의약물질 제조업
476080.KQ,476080,M83,KOSDAQ,"영화, 비디오물, 방송프로그램 제작 및 배급업"
464280.KQ,464280,티디에스팜,KOSDAQ,의약품 제조업
389650.KQ,389650,넥스트바이오메디컬,KOSDAQ,의료용 기기 제조업
431190.KQ,431190,케이쓰리아이,KOSDAQ,소프트웨어 개발 및 공급업
079900.KS,079900,전진건설로봇,KOSPI,특수 목적용 기계 제조업
088340.KQ,088340,유라클,KOSDAQ,소프트웨어 개발 및 공급업
482520.KQ,482520,교보16호스팩,KOSDAQ,금융 지원 서비스업
199480.KQ,199480,뱅크웨어글로벌,KOSDAQ,소프트웨어 개발 및 공급업
460470.KQ,460470,아이빔테크놀로지,KOSDAQ,사진장비 및 광학기기 제조업
460940.KQ,460940,피앤에스로보틱스,KOSDAQ,의료용 기기 제조업
487570.KS,487570,HS효성,KOSPI,기타 금융업
062040.KS,062040,산일전기,KOSPI,"전동기, 발전기 및 전기 변환 · 공급 · 제어 장치 제조업"
481890.KQ,481890,엔에이치스팩31호,KOSDAQ,금융 지원 서비스업
473950.KQ,473950,SK증권제13호스팩,KOSDAQ,금융 지원 서비스업
373110.KQ,373110,엑셀세라퓨틱스,KOSDAQ,기초 의약물질 제조업
478110.KQ,478110,이베스트스팩6호,KOSDAQ,금융 지원 서비스업
462870.KS,462870,시프트업,KOSPI,소프트웨어 개발 및 공급업
450330.KQ,450330,하스,KOSDAQ,의료용품 및 기타 의약 관련제품 제조업
462350.KQ,462350,이노스페이스,KOSDAQ,"항공기,우주선 및 부품 제조업"
481850.KS,481850,신한글로벌액티브리츠,KOSPI,신탁업 및 집합투자업
295310.KQ,295310,에이치브이엠,KOSDAQ,1차 비철금속 제조업
266350.KS,266350,팡스카이,KOSPI,소프트웨어 개발 및 공급업
160190.KQ,160190,하이젠알앤엠,KOSDAQ,"전동기, 발전기 및 전기 변환 · 공급 · 제어 장치 제조업"
479880.KQ,479880,한국제15호스팩,KOSDAQ,금융 지원 서비스업
464080.KQ,464080,에스오에스랩,KOSDAQ,"측정, 시험, 항해, 제어 및 기타 정밀기기 제조업; 광학기기 제외"
464080.KQ,464080,에스오에스랩,KOSDAQ,"측정, 시험, 항해, 제어 및 기타 정밀기기 제조업; 광학기기 제외"
478440.KQ,478440,미래에셋비전스팩6호,KOSDAQ,금융 지원 서비스업
477340.KQ,477340,에이치엠씨제7호스팩,KOSDAQ,금융 지원 서비스업
034230.KS,034230,파라다이스,KOSPI,유원지 및 기타 오락관련 서비스업
107640.KQ,107640,한중엔시에스,KOSDAQ,"전동기, 발전기 및 전기 변환 · 공급 · 제어 장치 제조업"
478390.KQ,478390,KB제29호스팩,KOSDAQ,금융 지원 서비스업
477470.KQ,477470,미래에셋비전스팩5호,KOSDAQ,금융 지원 서비스업
458870.KQ,458870,씨어스,KOSDAQ,의료용 기기 제조업
477760.KQ,477760,디비금융스팩12호,KOSDAQ,기타 금융업
462510.KQ,462510,라메디텍,KOSDAQ,의료용 기기 제조업
453450.KQ,453450,그리드위즈,KOSDAQ,"그외 기타 전문, 과학 및 기술 서비스업"
323350.KQ,323350,다원넥스뷰,KOSDAQ,특수 목적용 기계 제조업
477380.KQ,477380,미래에셋비전스팩4호,KOSDAQ,금융 지원 서비스업
145170.KQ,145170,노브랜드,KOSDAQ,편조의복 제조업
456010.KQ,456010,아이씨티케이,KOSDAQ,반도체 제조업
443060.KS,443060,HD현대마린솔루션,KOSPI,"건축기술, 엔지니어링 및 관련 기술 서비스업"
473000.KQ,473000,SK증권제12호스팩,KOSDAQ,금융 지원 서비스업
126730.KQ,126730,코칩,KOSDAQ,전자부품 제조업
452200.KQ,452200,민테크,KOSDAQ,"측정, 시험, 항해, 제어 및 기타 정밀기기 제조업; 광학기기 제외"
140430.KQ,140430,카티스,KOSDAQ,"컴퓨터 프로그래밍, 시스템 통합 및 관리업"
347850.KQ,347850,디앤디파마텍,KOSDAQ,자연과학 및 공학 연구개발업
474490.KQ,474490,유안타제16호스팩,KOSDAQ,금융 지원 서비스업
412540.KQ,412540,제일엠앤에스,KOSDAQ,특수 목적용 기계 제조업
451250.KQ,451250,삐아,KOSDAQ,기타 화학제품 제조업
475250.KQ,475250,하나33호스팩,KOSDAQ,금융 지원 서비스업
474930.KQ,474930,신한제13호스팩,KOSDAQ,금융 지원 서비스업
474660.KQ,474660,신한제12호스팩,KOSDAQ,금융 지원 서비스업
461030.KQ,461030,아이엠비디엑스,KOSDAQ,자연과학 및 공학 연구개발업
475150.KS,475150,SK이터닉스,KOSPI,건물 건설업
475240.KQ,475240,하나32호스팩,KOSDAQ,금융 지원 서비스업
455900.KQ,455900,엔젤로보틱스,KOSDAQ,특수 목적용 기계 제조업
420570.KQ,420570,제이투케이바이오,KOSDAQ,기타 화학제품 제조업
437730.KQ,437730,삼현,KOSDAQ,자동차 신품 부품 제조업
036220.KQ,036220,오상헬스케어,KOSDAQ,의료용 기기 제조업
199430.KQ,199430,케이엔알시스템,KOSDAQ,"측정, 시험, 항해, 제어 및 기타 정밀기기 제조업; 광학기기 제외"
469900.KQ,469900,하나31호스팩,KOSDAQ,금융 지원 서비스업
472230.KQ,472230,SK증권제11호스팩,KOSDAQ,금융 지원 서비스업
473050.KQ,473050,유안타제15호스팩,KOSDAQ,금융 지원 서비스업
468760.KQ,468760,유진스팩10호,KOSDAQ,금융 지원 서비스업
278470.KS,278470,에이피알,KOSPI,기타 화학제품 제조업
418620.KQ,418620,E8,KOSDAQ,소프트웨어 개발 및 공급업
360350.KQ,360350,코셈,KOSDAQ,"측정, 시험, 항해, 제어 및 기타 정밀기기 제조업; 광학기기 제외"
068100.KQ,068100,케이웨더,KOSDAQ,일반 목적용 기계 제조업
452430.KQ,452430,사피엔반도체,KOSDAQ,반도체 제조업
443670.KQ,443670,에스피소프트,KOSDAQ,"컴퓨터 프로그래밍, 시스템 통합 및 관리업"
415380.KQ,415380,스튜디오삼익,KOSDAQ,기타 생활용품 소매업
472220.KQ,472220,신영스팩10호,KOSDAQ,금융 지원 서비스업
472850.KQ,472850,폰드그룹,KOSDAQ,"섬유, 의복, 신발 및 가죽제품 소매업"
469480.KQ,469480,IBKS제24호스팩,KOSDAQ,금융 지원 서비스업
199550.KQ,199550,레이저옵텍,KOSDAQ,의료용 기기 제조업
452400.KQ,452400,이닉스,KOSDAQ,자동차 신품 부품 제조업
066970.KS,066970,엘앤에프,KOSPI,일차전지 및 이차전지 제조업
105760.KQ,105760,포스뱅크,KOSDAQ,일반 목적용 기계 제조업
460930.KQ,460930,현대힘스,KOSDAQ,선박 및 보트 건조업
440290.KQ,440290,HB인베스트먼트,KOSDAQ,기타 금융업
362990.KQ,362990,드림인사이트,KOSDAQ,광고업
471050.KQ,471050,대신밸런스제17호스팩,KOSDAQ,금융 지원 서비스업
457550.KQ,457550,우진엔텍,KOSDAQ,"그외 기타 전문, 과학 및 기술 서비스업"
267080.KS,267080,세븐브로이맥주,KOSPI,알코올음료 제조업
452190.KQ,452190,한빛레이저,KOSDAQ,특수 목적용 기계 제조업
022100.KS,022100,포스코DX,KOSPI,"건축기술, 엔지니어링 및 관련 기술 서비스업"
017860.KS,017860,DS단석,KOSPI,기타 화학제품 제조업
469880.KQ,469880,하나30호스팩,KOSDAQ,금융 지원 서비스업
109670.KQ,109670,씨싸이트,KOSDAQ,봉제의복 제조업
439580.KQ,439580,블루엠텍,KOSDAQ,기타 전문 도매업
417200.KQ,417200,LS머트리얼즈,KOSDAQ,전자부품 제조업
432470.KQ,432470,케이엔에스,KOSDAQ,특수 목적용 기계 제조업
465320.KQ,465320,교보15호스팩,KOSDAQ,금융 지원 서비스업
338840.KQ,338840,와이바이오로직스,KOSDAQ,자연과학 및 공학 연구개발업
355690.KQ,355690,에이텀,KOSDAQ,전자부품 제조업
453860.KQ,453860,에이에스텍,KOSDAQ,기타 화학제품 제조업
402490.KQ,402490,그린리소스,KOSDAQ,반도체 제조업
452160.KQ,452160,제이엔비,KOSDAQ,특수 목적용 기계 제조업
452280.KQ,452280,한선엔지니어링,KOSDAQ,기타 금속 가공제품 제조업
111380.KS,111380,동인기연,KOSPI,"가죽, 가방 및 유사제품 제조업"
448280.KQ,448280,에코아이,KOSDAQ,기타 전문 서비스업
352090.KQ,352090,스톰테크,KOSDAQ,플라스틱제품 제조업
450080.KS,450080,에코프로머티,KOSPI,일차전지 및 이차전지 제조업
452300.KQ,452300,캡스톤파트너스,KOSDAQ,기타 금융업
296160.KS,296160,프로젠,KOSPI,자연과학 및 공학 연구개발업
365330.KQ,365330,에스와이스틸텍,KOSDAQ,"구조용 금속제품, 탱크 및 증기발생기 제조업"
445090.KQ,445090,에이직랜드,KOSDAQ,반도체 제조업
446540.KQ,446540,메가터치,KOSDAQ,일차전지 및 이차전지 제조업
413640.KQ,413640,비아이매트릭스,KOSDAQ,소프트웨어 개발 및 공급업
451760.KQ,451760,컨텍,KOSDAQ,"컴퓨터 프로그래밍, 시스템 통합 및 관리업"
372320.KQ,372320,큐로셀,KOSDAQ,자연과학 및 공학 연구개발업
088280.KQ,088280,쏘닉스,KOSDAQ,반도체 제조업
188260.KQ,188260,세니젠,KOSDAQ,그외 기타 제품 제조업
290560.KQ,290560,파라택시스이더리움,KOSDAQ,소프트웨어 개발 및 공급업
240600.KQ,240600,유진테크놀로지,KOSDAQ,기타 금속 가공제품 제조업
221800.KQ,221800,지구홀딩스,KOSDAQ,기타 과학기술 서비스업
432720.KQ,432720,퀄리타스반도체,KOSDAQ,반도체 제조업
351020.KS,351020,미쥬,KOSPI,봉제의복 제조업
396470.KQ,396470,워트,KOSDAQ,특수 목적용 기계 제조업
246250.KQ,246250,에스엘에스바이오,KOSDAQ,"그외 기타 전문, 과학 및 기술 서비스업"
416180.KQ,416180,신성에스티,KOSDAQ,자동차 신품 부품 제조업
445180.KQ,445180,퓨릿,KOSDAQ,기초 화학물질 제조업
289170.KS,289170,바이오텐,KOSPI,기타 식품 제조업
451220.KQ,451220,아이엠티,KOSDAQ,특수 목적용 기계 제조업
443250.KQ,443250,레뷰코퍼레이션,KOSDAQ,광고업
454910.KS,454910,두산로보틱스,KOSPI,특수 목적용 기계 제조업
430690.KQ,430690,한싹,KOSDAQ,소프트웨어 개발 및 공급업
418470.KQ,418470,KT밀리의서재,KOSDAQ,"서적, 잡지 및 기타 인쇄물 출판업"
450520.KQ,450520,인스웨이브,KOSDAQ,소프트웨어 개발 및 공급업
403490.KQ,403490,우듬지팜,KOSDAQ,"과실, 채소 가공 및 저장 처리업"
384470.KQ,384470,코어라인소프트,KOSDAQ,소프트웨어 개발 및 공급업
465770.KS,465770,STX그린로지스,KOSPI,해상 운송업
146060.KQ,146060,율촌,KOSDAQ,1차 철강 제조업
355390.KQ,355390,크라우드웍스,KOSDAQ,소프트웨어 개발 및 공급업
418250.KQ,418250,시큐레터,KOSDAQ,소프트웨어 개발 및 공급업
424960.KQ,424960,스마트레이더시스템,KOSDAQ,"측정, 시험, 항해, 제어 및 기타 정밀기기 제조업; 광학기기 제외"
092790.KS,092790,넥스틸,KOSPI,1차 철강 제조업
210120.KQ,210120,캔버스엔,KOSDAQ,"영화, 비디오물, 방송프로그램 제작 및 배급업"
448710.KQ,448710,코츠테크놀로지,KOSDAQ,컴퓨터 및 주변장치 제조업
445680.KQ,445680,큐리옥스바이오시스템즈,KOSDAQ,의료용 기기 제조업
030190.KS,030190,NICE평가정보,KOSPI,기타 정보 서비스업
440110.KQ,440110,파두,KOSDAQ,반도체 제조업
373170.KQ,373170,엠아이큐브솔루션,KOSDAQ,소프트웨어 개발 및 공급업
429270.KQ,429270,시지트로닉스,KOSDAQ,반도체 제조업
446440.KS,446440,에피바이오텍,KOSPI,자연과학 및 공학 연구개발업
462520.KS,462520,조선내화,KOSPI,"내화, 비내화 요업제품 제조업"
462520.KS,462520,조선내화,KOSPI,"내화, 비내화 요업제품 제조업"
172670.KQ,172670,에이엘티,KOSDAQ,반도체 제조업
388870.KQ,388870,파로스아이바이오,KOSDAQ,자연과학 및 공학 연구개발업
438700.KQ,438700,버넥트,KOSDAQ,소프트웨어 개발 및 공급업
406820.KQ,406820,뷰티스킨,KOSDAQ,기타 화학제품 제조업
432430.KQ,432430,와이랩,KOSDAQ,"영화, 비디오물, 방송프로그램 제작 및 배급업"
321370.KQ,321370,센서뷰,KOSDAQ,전자부품 제조업
456570.KS,456570,아이엠지티,KOSPI,의료용품 및 기타 의약 관련제품 제조업
378340.KQ,378340,필에너지,KOSDAQ,특수 목적용 기계 제조업
274400.KQ,274400,이노시뮬레이션,KOSDAQ,소프트웨어 개발 및 공급업
354320.KQ,354320,알멕,KOSDAQ,1차 비철금속 제조업
440320.KQ,440320,오픈놀,KOSDAQ,소프트웨어 개발 및 공급업
232830.KQ,232830,아이티센피엔에스,KOSDAQ,소프트웨어 개발 및 공급업
296520.KS,296520,가이아코퍼레이션,KOSPI,생활용품 도매업
090460.KS,090460,비에이치,KOSPI,전자부품 제조업
460850.KS,460850,동국씨엠,KOSPI,1차 철강 제조업
460860.KS,460860,동국제강,KOSPI,1차 철강 제조업
303360.KQ,303360,프로티아,KOSDAQ,의료용 기기 제조업
348080.KQ,348080,큐라티스,KOSDAQ,자연과학 및 공학 연구개발업
439090.KQ,439090,마녀공장,KOSDAQ,기타 화학제품 제조업
405920.KQ,405920,나라셀라,KOSDAQ,음·식료품 및 담배 도매업
285800.KQ,285800,진영,KOSDAQ,플라스틱제품 제조업
457190.KS,457190,이수스페셜티케미컬,KOSPI,기초 화학물질 제조업
456040.KS,456040,OCI,KOSPI,기초 화학물질 제조업
420770.KQ,420770,기가비스,KOSDAQ,특수 목적용 기계 제조업
271830.KQ,271830,팸텍,KOSDAQ,특수 목적용 기계 제조업
434480.KQ,434480,모니터랩,KOSDAQ,소프트웨어 개발 및 공급업
340810.KQ,340810,시선AI,KOSDAQ,소프트웨어 개발 및 공급업
456190.KS,456190,큐라켐,KOSPI,의료용품 및 기타 의약 관련제품 제조업
446840.KQ,446840,지슨,KOSDAQ,"측정, 시험, 항해, 제어 및 기타 정밀기기 제조업; 광학기기 제외"
417790.KQ,417790,트루엔,KOSDAQ,영상 및 음향기기 제조업
304360.KQ,304360,에스바이오메딕스,KOSDAQ,의약품 제조업
298830.KQ,298830,슈어소프트테크,KOSDAQ,소프트웨어 개발 및 공급업
393210.KQ,393210,토마토시스템,KOSDAQ,소프트웨어 개발 및 공급업
424980.KQ,424980,마이크로투나노,KOSDAQ,반도체 제조업
318160.KQ,318160,셀바이오휴먼텍,KOSDAQ,기타 섬유제품 제조업
100090.KS,100090,SK오션플랜트,KOSPI,1차 철강 제조업
448730.KS,448730,삼성FN리츠,KOSPI,부동산 임대 및 공급업
453340.KS,453340,현대그린푸드,KOSPI,종합 소매업
452260.KS,452260,한화갤러리아,KOSPI,종합 소매업
358570.KQ,358570,지아이이노베이션,KOSDAQ,자연과학 및 공학 연구개발업
309960.KQ,309960,LB인베스트먼트,KOSDAQ,기타 금융업
451800.KS,451800,한화리츠,KOSPI,부동산 임대 및 공급업
356680.KQ,356680,엑스게이트,KOSDAQ,소프트웨어 개발 및 공급업
282720.KQ,282720,금양그린파워,KOSDAQ,전기 및 통신 공사업
418420.KQ,418420,라온텍,KOSDAQ,전자부품 제조업
389020.KQ,389020,자람테크놀로지,KOSDAQ,반도체 제조업
417010.KQ,417010,나노팀,KOSDAQ,일반 목적용 기계 제조업
199730.KQ,199730,바이오인프라,KOSDAQ,자연과학 및 공학 연구개발업
344860.KQ,344860,이노진,KOSDAQ,기타 화학제품 제조업
127980.KQ,127980,화인써키트,KOSDAQ,전자부품 제조업
418550.KQ,418550,제이오,KOSDAQ,"건축기술, 엔지니어링 및 관련 기술 서비스업"
411080.KQ,411080,샌즈랩,KOSDAQ,소프트웨어 개발 및 공급업
407400.KQ,407400,꿈비,KOSDAQ,가구 제조업
408900.KQ,408900,스튜디오미르,KOSDAQ,"영화, 비디오물, 방송프로그램 제작 및 배급업"
419050.KQ,419050,삼기에너지솔루션즈,KOSDAQ,자동차 신품 부품 제조업
417860.KQ,417860,오브젠,KOSDAQ,소프트웨어 개발 및 공급업
254490.KQ,254490,미래반도체,KOSDAQ,기타 전문 도매업
052960.KS,052960,태양3C,KOSPI,자동차 부품 및 내장품 판매업
425040.KQ,425040,티이엠씨,KOSDAQ,기초 화학물질 제조업
198940.KQ,198940,한주라이트메탈,KOSDAQ,1차 비철금속 제조업
380540.KQ,380540,옵티코어,KOSDAQ,마그네틱 및 광학 매체 제조업
447690.KS,447690,아이오바이오,KOSPI,의료용 기기 제조업
346010.KS,346010,타이드,KOSPI,전자부품 제조업
162300.KQ,162300,신스틸,KOSDAQ,1차 철강 제조업
377740.KS,377740,바이오노트,KOSPI,의료용품 및 기타 의약 관련제품 제조업
448780.KS,448780,마이크로엔엑스,KOSPI,의료용 기기 제조업
390110.KS,390110,애니메디솔루션,KOSPI,의료용 기기 제조업
417180.KQ,417180,핑거스토리,KOSDAQ,기타 정보 서비스업
419530.KQ,419530,SAMG엔터,KOSDAQ,"영화, 비디오물, 방송프로그램 제작 및 배급업"
102950.KS,102950,아하,KOSPI,전자부품 제조업
311960.KS,311960,인터로이드,KOSPI,소프트웨어 개발 및 공급업
446070.KS,446070,유니드비티플러스,KOSPI,제재 및 목재 가공업
168360.KQ,168360,펨트론,KOSDAQ,특수 목적용 기계 제조업
389470.KQ,389470,인벤티지랩,KOSDAQ,자연과학 및 공학 연구개발업
419080.KQ,419080,엔젯,KOSDAQ,특수 목적용 기계 제조업
084440.KQ,084440,유비온,KOSDAQ,소프트웨어 개발 및 공급업
204610.KQ,204610,티쓰리,KOSDAQ,소프트웨어 개발 및 공급업
425420.KQ,425420,티에프이,KOSDAQ,전자부품 제조업
372170.KQ,372170,윤성에프앤씨,KOSDAQ,특수 목적용 기계 제조업
383930.KQ,383930,디티앤씨알오,KOSDAQ,자연과학 및 공학 연구개발업
348340.KQ,348340,뉴로메카,KOSDAQ,특수 목적용 기계 제조업
417500.KQ,417500,제이아이테크,KOSDAQ,기타 화학제품 제조업
108320.KS,108320,LX세미콘,KOSPI,반도체 제조업
405100.KQ,405100,큐알티,KOSDAQ,"그외 기타 전문, 과학 및 기술 서비스업"
417840.KQ,417840,저스템,KOSDAQ,특수 목적용 기계 제조업
419120.KQ,419120,산돌,KOSDAQ,소프트웨어 개발 및 공급업
434190.KS,434190,탈로스,KOSPI,일차전지 및 이차전지 제조업
405000.KQ,405000,플라즈맵,KOSDAQ,의료용 기기 제조업
291810.KQ,291810,핀텔,KOSDAQ,소프트웨어 개발 및 공급업
378800.KQ,378800,샤페론,KOSDAQ,기초 의약물질 제조업
419540.KQ,419540,비스토스,KOSDAQ,의료용 기기 제조업
360070.KQ,360070,탑머티리얼,KOSDAQ,일차전지 및 이차전지 제조업
389500.KQ,389500,에스비비테크,KOSDAQ,일반 목적용 기계 제조업
368970.KQ,368970,오에스피,KOSDAQ,동물용 사료 및 조제식품 제조업
417970.KQ,417970,모델솔루션,KOSDAQ,특수 목적용 기계 제조업
296640.KQ,296640,이노에이엑스,KOSDAQ,소프트웨어 개발 및 공급업
441270.KQ,441270,파인엠텍,KOSDAQ,전자부품 제조업
432320.KS,432320,KB스타리츠,KOSPI,부동산 임대 및 공급업
067370.KQ,067370,선바이오,KOSDAQ,의약품 제조업
393890.KQ,393890,더블유씨피,KOSDAQ,일차전지 및 이차전지 제조업
314140.KQ,314140,알피바이오,KOSDAQ,의약품 제조업
413300.KS,413300,티엘엔지니어링,KOSPI,"건축기술, 엔지니어링 및 관련 기술 서비스업"
394280.KQ,394280,오픈엣지테크놀로지,KOSDAQ,소프트웨어 개발 및 공급업
129920.KQ,129920,대성하이텍,KOSDAQ,특수 목적용 기계 제조업
403550.KS,403550,쏘카,KOSPI,운송장비 임대업
148930.KQ,148930,에이치와이티씨,KOSDAQ,기타 금속 가공제품 제조업
107600.KQ,107600,새빗켐,KOSDAQ,기타 화학제품 제조업
126720.KS,126720,수산인더스트리,KOSPI,전기 및 통신 공사업
368600.KQ,368600,아이씨에이치,KOSDAQ,전자부품 제조업
365340.KQ,365340,성일하이텍,KOSDAQ,기초 화학물질 제조업
397030.KQ,397030,에이프릴바이오,KOSDAQ,자연과학 및 공학 연구개발업
341170.KS,341170,퓨쳐메디신,KOSPI,자연과학 및 공학 연구개발업
424760.KQ,424760,벨로크,KOSDAQ,"컴퓨터 프로그래밍, 시스템 통합 및 관리업"
328130.KQ,328130,루닛,KOSDAQ,소프트웨어 개발 및 공급업
354390.KS,354390,바스칸바이오제약,KOSPI,의약품 제조업
403870.KQ,403870,HPSP,KOSDAQ,특수 목적용 기계 제조업
112290.KQ,112290,와이씨켐,KOSDAQ,기타 화학제품 제조업
402030.KQ,402030,코난테크놀로지,KOSDAQ,소프트웨어 개발 및 공급업
396270.KQ,396270,넥스트칩,KOSDAQ,반도체 제조업
412350.KQ,412350,레이저쎌,KOSDAQ,특수 목적용 기계 제조업
310210.KQ,310210,보로노이,KOSDAQ,자연과학 및 공학 연구개발업
377460.KQ,377460,큐에이드,KOSDAQ,개인 및 가정용품 수리업
377460.KQ,377460,큐에이드,KOSDAQ,개인 및 가정용품 수리업
148780.KQ,148780,비큐AI,KOSDAQ,소프트웨어 개발 및 공급업
382900.KQ,382900,범한퓨얼셀,KOSDAQ,"전동기, 발전기 및 전기 변환 · 공급 · 제어 장치 제조업"
176590.KS,176590,코나솔,KOSPI,기타 금속 가공제품 제조업
362320.KQ,362320,청담글로벌,KOSDAQ,생활용품 도매업
357430.KS,357430,마스턴프리미어리츠,KOSPI,부동산 임대 및 공급업
399720.KQ,399720,가온칩스,KOSDAQ,반도체 제조업
389260.KQ,389260,대명에너지,KOSDAQ,건물 건설업
389140.KQ,389140,포바이포,KOSDAQ,"영화, 비디오물, 방송프로그램 제작 및 배급업"
388050.KQ,388050,지투파워,KOSDAQ,"전동기, 발전기 및 전기 변환 · 공급 · 제어 장치 제조업"
413630.KQ,413630,씨피시스템,KOSDAQ,플라스틱제품 제조업
417310.KS,417310,코람코더원리츠,KOSPI,부동산 임대 및 공급업
396300.KQ,396300,세아메카닉스,KOSDAQ,기타 금속 가공제품 제조업
366030.KQ,366030,나인앤컴퍼니,KOSDAQ,의복 액세서리 제조업
388720.KQ,388720,유일로보틱스,KOSDAQ,특수 목적용 기계 제조업
288980.KQ,288980,모아데이타,KOSDAQ,소프트웨어 개발 및 공급업
408920.KQ,408920,메쎄이상,KOSDAQ,기타 사업지원 서비스업
376930.KQ,376930,노을,KOSDAQ,의료용 기기 제조업
146320.KQ,146320,비씨엔씨,KOSDAQ,반도체 제조업
371950.KQ,371950,풍원정밀,KOSDAQ,전자부품 제조업
330730.KQ,330730,스톤브릿지벤처스,KOSDAQ,기타 금융업
365900.KQ,365900,브이씨,KOSDAQ,운동 및 경기용구 제조업
370090.KQ,370090,퓨런티어,KOSDAQ,"측정, 시험, 항해, 제어 및 기타 정밀기기 제조업; 광학기기 제외"
251120.KQ,251120,바이오에프디엔씨,KOSDAQ,기초 의약물질 제조업
211050.KQ,211050,인카금융서비스,KOSDAQ,보험 및 연금관련 서비스업
137080.KQ,137080,나래나노텍,KOSDAQ,특수 목적용 기계 제조업
136410.KQ,136410,아셈스,KOSDAQ,플라스틱제품 제조업
276040.KQ,276040,스코넥,KOSDAQ,소프트웨어 개발 및 공급업
377330.KQ,377330,이지트로닉스,KOSDAQ,"전동기, 발전기 및 전기 변환 · 공급 · 제어 장치 제조업"
373220.KS,373220,LG에너지솔루션,KOSPI,일차전지 및 이차전지 제조업
179530.KQ,179530,애드바이오텍,KOSDAQ,의약품 제조업
102370.KQ,102370,케이옥션,KOSDAQ,상품 중개업
169670.KS,169670,코스텍시스템,KOSPI,특수 목적용 기계 제조업
353590.KQ,353590,오토앤,KOSDAQ,자동차 부품 및 내장품 판매업
200350.KQ,200350,아티스트스튜디오,KOSDAQ,"영화, 비디오물, 방송프로그램 제작 및 배급업"
403360.KS,403360,라피치,KOSPI,소프트웨어 개발 및 공급업
254160.KS,254160,제이엠멀티,KOSPI,제재 및 목재 가공업
404990.KS,404990,신한서부티엔디리츠,KOSPI,부동산 임대 및 공급업
199800.KQ,199800,툴젠,KOSDAQ,자연과학 및 공학 연구개발업
396690.KS,396690,미래에셋글로벌리츠,KOSPI,부동산 임대 및 공급업
402420.KS,402420,켈스,KOSPI,의료용 기기 제조업
402340.KS,402340,SK스퀘어,KOSPI,기타 금융업
377480.KQ,377480,마음AI,KOSDAQ,소프트웨어 개발 및 공급업
361570.KQ,361570,알비더블유,KOSDAQ,오디오물 출판 및 원판 녹음업
400760.KS,400760,NH올원리츠,KOSPI,부동산 임대 및 공급업
290090.KQ,290090,트윔,KOSDAQ,소프트웨어 개발 및 공급업
372800.KQ,372800,아이티아이즈,KOSDAQ,소프트웨어 개발 및 공급업
311320.KQ,311320,지오엘리먼트,KOSDAQ,전자부품 제조업
357880.KQ,357880,SKAI,KOSDAQ,소프트웨어 개발 및 공급업
376300.KQ,376300,디어유,KOSDAQ,소프트웨어 개발 및 공급업
389030.KQ,389030,지니너스,KOSDAQ,자연과학 및 공학 연구개발업
377300.KS,377300,카카오페이,KOSPI,금융 지원 서비스업
376180.KQ,376180,피코그램,KOSDAQ,그외 기타 제품 제조업
348370.KQ,348370,엔켐,KOSDAQ,기초 화학물질 제조업
377450.KQ,377450,리파인,KOSDAQ,기타 정보 서비스업
382800.KQ,382800,지앤비에스 에코,KOSDAQ,특수 목적용 기계 제조업
114840.KQ,114840,아이패밀리에스씨,KOSDAQ,기타 화학제품 제조업
261780.KQ,261780,아리바이오LAB,KOSDAQ,자연과학 및 공학 연구개발업
382480.KQ,382480,지아이텍,KOSDAQ,특수 목적용 기계 제조업
391710.KQ,391710,코닉오토메이션,KOSDAQ,특수 목적용 기계 제조업
381970.KS,381970,케이카,KOSPI,자동차 판매업
376290.KQ,376290,씨유테크,KOSDAQ,전자부품 제조업
159010.KQ,159010,아스플로,KOSDAQ,일반 목적용 기계 제조업
382840.KQ,382840,원준,KOSDAQ,특수 목적용 기계 제조업
257720.KQ,257720,실리콘투,KOSDAQ,상품 종합 도매업
260970.KQ,260970,에스앤디,KOSDAQ,기타 식품 제조업
377220.KQ,377220,프롬바이오,KOSDAQ,기타 식품 제조업
099430.KQ,099430,바이오플러스,KOSDAQ,기초 의약물질 제조업
329180.KS,329180,HD현대중공업,KOSPI,선박 및 보트 건조업
395400.KS,395400,SK리츠,KOSPI,부동산 임대 및 공급업
273640.KQ,273640,와이엠텍,KOSDAQ,"전동기, 발전기 및 전기 변환 · 공급 · 제어 장치 제조업"
203400.KQ,203400,에이비온,KOSDAQ,자연과학 및 공학 연구개발업
388790.KQ,388790,라이콤,KOSDAQ,통신 및 방송 장비 제조업
271940.KS,271940,일진하이솔루스,KOSPI,그외 기타 운송장비 제조업
377190.KS,377190,디앤디플랫폼리츠,KOSPI,부동산 임대 및 공급업
308080.KQ,308080,바이젠셀,KOSDAQ,자연과학 및 공학 연구개발업
139990.KS,139990,아주스틸,KOSPI,1차 철강 제조업
089860.KS,089860,롯데렌탈,KOSPI,운송장비 임대업
099390.KQ,099390,브레인즈컴퍼니,KOSDAQ,소프트웨어 개발 및 공급업
315640.KQ,315640,딥노이드,KOSDAQ,소프트웨어 개발 및 공급업
372910.KS,372910,한컴라이프케어,KOSPI,의료용 기기 제조업
058970.KQ,058970,엠로,KOSDAQ,소프트웨어 개발 및 공급업
367000.KQ,367000,플래티어,KOSDAQ,소프트웨어 개발 및 공급업
376980.KQ,376980,원티드랩,KOSDAQ,소프트웨어 개발 및 공급업
259960.KS,259960,크래프톤,KOSPI,소프트웨어 개발 및 공급업
195940.KQ,195940,HK이노엔,KOSDAQ,의약품 제조업
178920.KS,178920,PI첨단소재,KOSPI,플라스틱제품 제조업
323410.KS,323410,카카오뱅크,KOSPI,은행 및 저축기관
270660.KQ,270660,에브리봇,KOSDAQ,가정용 기기 제조업
377030.KQ,377030,비트맥스,KOSDAQ,소프트웨어 개발 및 공급업
365270.KQ,365270,큐라클,KOSDAQ,자연과학 및 공학 연구개발업
137310.KS,137310,에스디바이오센서,KOSPI,의료용 기기 제조업
352910.KQ,352910,오비고,KOSDAQ,"컴퓨터 프로그래밍, 시스템 통합 및 관리업"
097520.KS,097520,엠씨넥스,KOSPI,영상 및 음향기기 제조업
357580.KQ,357580,아모센스,KOSDAQ,전자부품 제조업
318660.KS,318660,타임기술,KOSPI,소프트웨어 개발 및 공급업
303530.KQ,303530,이노뎁,KOSDAQ,소프트웨어 개발 및 공급업
232680.KQ,232680,라온로보틱스,KOSDAQ,특수 목적용 기계 제조업
379390.KS,379390,이성씨엔아이,KOSPI,"건축기술, 엔지니어링 및 관련 기술 서비스업"
187660.KQ,187660,페니트리움바이오,KOSDAQ,자연과학 및 공학 연구개발업
383310.KQ,383310,에코프로에이치엔,KOSDAQ,기타 화학제품 제조업
383800.KS,383800,LX홀딩스,KOSPI,기타 금융업
363250.KQ,363250,진시스템,KOSDAQ,의료용 기기 제조업
276730.KQ,276730,한울앤제주,KOSDAQ,알코올음료 제조업
383220.KS,383220,F&F,KOSPI,봉제의복 제조업
361670.KQ,361670,삼영에스앤씨,KOSDAQ,전자부품 제조업
252990.KQ,252990,샘씨엔에스,KOSDAQ,전자부품 제조업
352480.KQ,352480,씨앤씨인터내셔널,KOSDAQ,기타 화학제품 제조업
357230.KQ,357230,에이치피오,KOSDAQ,기타 식품 제조업
361610.KS,361610,SK아이이테크놀로지,KOSPI,일차전지 및 이차전지 제조업
294570.KQ,294570,쿠콘,KOSDAQ,기타 정보 서비스업
351330.KQ,351330,이삭엔지니어링,KOSDAQ,"컴퓨터 프로그래밍, 시스템 통합 및 관리업"
059270.KQ,059270,해성에어로보틱스,KOSDAQ,기타 금속 가공제품 제조업
333620.KQ,333620,엔시스,KOSDAQ,기타 전기장비 제조업
289220.KQ,289220,자이언트스텝,KOSDAQ,"영화, 비디오물, 방송프로그램 제작 및 배급업"
361390.KQ,361390,제노코,KOSDAQ,통신 및 방송 장비 제조업
347700.KQ,347700,스피어,KOSDAQ,소프트웨어 개발 및 공급업
302440.KS,302440,SK바이오사이언스,KOSPI,기초 의약물질 제조업
314930.KQ,314930,바이오다인,KOSDAQ,의료용 기기 제조업
950220.KQ,950220,네오이뮨텍,KOSDAQ,자연과학 및 공학 연구개발업
378850.KS,378850,화승알앤에이,KOSPI,자동차 신품 부품 제조업
356890.KQ,356890,싸이버원,KOSDAQ,소프트웨어 개발 및 공급업
334970.KQ,334970,프레스티지바이오로직스,KOSDAQ,의약품 제조업
247660.KQ,247660,나노씨엠에스,KOSDAQ,전자부품 제조업
338220.KQ,338220,뷰노,KOSDAQ,소프트웨어 개발 및 공급업
373200.KQ,373200,엑스플러스,KOSDAQ,그외 기타 제품 제조업
340930.KQ,340930,성원에너텍,KOSDAQ,특수 목적용 기계 제조업
189330.KQ,189330,씨이랩,KOSDAQ,소프트웨어 개발 및 공급업
322310.KQ,322310,오로스테크놀로지,KOSDAQ,특수 목적용 기계 제조업
239890.KQ,239890,피엔에이치테크,KOSDAQ,기초 화학물질 제조업
363260.KQ,363260,모비데이즈,KOSDAQ,광고업
262840.KQ,262840,아이퀘스트,KOSDAQ,소프트웨어 개발 및 공급업
950210.KS,950210,프레스티지바이오파마,KOSPI,자연과학 및 공학 연구개발업
277810.KQ,277810,레인보우로보틱스,KOSDAQ,특수 목적용 기계 제조업
321820.KQ,321820,아티스트컴퍼니,KOSDAQ,창작 및 예술관련 서비스업
248070.KS,248070,솔루엠,KOSPI,전자부품 제조업
163730.KQ,163730,핑거,KOSDAQ,소프트웨어 개발 및 공급업
348030.KQ,348030,모비릭스,KOSDAQ,소프트웨어 개발 및 공급업
352700.KQ,352700,씨앤투스,KOSDAQ,화학섬유 제조업
086710.KQ,086710,선진뷰티사이언스,KOSDAQ,기타 화학제품 제조업
375500.KS,375500,DL이앤씨,KOSPI,토목 건설업
236810.KQ,236810,엔비티,KOSDAQ,광고업
368770.KQ,368770,파이버프로,KOSDAQ,"측정, 시험, 항해, 제어 및 기타 정밀기기 제조업; 광학기기 제외"
253610.KS,253610,루트락,KOSPI,기타 전문 도매업
365550.KS,365550,ESR켄달스퀘어리츠,KOSPI,부동산 임대 및 공급업
369370.KQ,369370,블리츠웨이엔터테인먼트,KOSDAQ,창작 및 예술관련 서비스업
357550.KQ,357550,석경에이티,KOSDAQ,기초 화학물질 제조업
314130.KQ,314130,지놈앤컴퍼니,KOSDAQ,기초 의약물질 제조업
335810.KQ,335810,프리시젼바이오,KOSDAQ,의료용 기기 제조업
347860.KQ,347860,알체라,KOSDAQ,소프트웨어 개발 및 공급업
365590.KQ,365590,하이딥,KOSDAQ,반도체 제조업
064850.KQ,064850,에프앤가이드,KOSDAQ,기타 정보 서비스업
356860.KQ,356860,티엘비,KOSDAQ,전자부품 제조업
352940.KQ,352940,인바이오,KOSDAQ,"비료, 농약 및 살균, 살충제 제조업"
354200.KQ,354200,엔젠바이오,KOSDAQ,"그외 기타 전문, 과학 및 기술 서비스업"
317690.KQ,317690,퀀타매트릭스,KOSDAQ,의료용 기기 제조업
009900.KS,009900,명신산업,KOSPI,자동차 신품 부품 제조업
352770.KQ,352770,셀레스트라,KOSDAQ,의료용품 및 기타 의약 관련제품 제조업
318020.KQ,318020,포인트모바일,KOSDAQ,컴퓨터 및 주변장치 제조업
129890.KQ,129890,앱코,KOSDAQ,컴퓨터 및 주변장치 제조업
265740.KQ,265740,엔에프씨,KOSDAQ,기타 화학제품 제조업
199820.KQ,199820,제일일렉트릭,KOSDAQ,"전동기, 발전기 및 전기 변환 · 공급 · 제어 장치 제조업"
299030.KQ,299030,하나기술,KOSDAQ,특수 목적용 기계 제조업
244920.KS,244920,에이플러스에셋,KOSPI,보험 및 연금관련 서비스업
340570.KQ,340570,티앤엘,KOSDAQ,의료용품 및 기타 의약 관련제품 제조업
348150.KQ,348150,고바이오랩,KOSDAQ,자연과학 및 공학 연구개발업
330860.KQ,330860,네패스아크,KOSDAQ,"그외 기타 전문, 과학 및 기술 서비스업"
339770.KS,339770,교촌에프앤비,KOSPI,음·식료품 및 담배 도매업
290690.KQ,290690,아리바이오홀딩스,KOSDAQ,전구 및 조명장치 제조업
348350.KQ,348350,위드텍,KOSDAQ,"측정, 시험, 항해, 제어 및 기타 정밀기기 제조업; 광학기기 제외"
347000.KQ,347000,센코,KOSDAQ,"측정, 시험, 항해, 제어 및 기타 정밀기기 제조업; 광학기기 제외"
301300.KQ,301300,바이브컴퍼니,KOSDAQ,소프트웨어 개발 및 공급업
122830.KS,122830,원포유,KOSPI,소프트웨어 개발 및 공급업
214610.KQ,214610,롤링스톤,KOSDAQ,의료용 기기 제조업
304840.KQ,304840,피플바이오,KOSDAQ,의료용품 및 기타 의약 관련제품 제조업
352820.KS,352820,하이브,KOSPI,오디오물 출판 및 원판 녹음업
348210.KQ,348210,넥스틴,KOSDAQ,특수 목적용 기계 제조업
053080.KQ,053080,케이엔솔,KOSDAQ,일반 목적용 기계 제조업
126340.KQ,126340,비나텍,KOSDAQ,일차전지 및 이차전지 제조업
359090.KQ,359090,씨엔알리서치,KOSDAQ,"그외 기타 전문, 과학 및 기술 서비스업"
323990.KQ,323990,박셀바이오,KOSDAQ,자연과학 및 공학 연구개발업
323990.KQ,323990,박셀바이오,KOSDAQ,자연과학 및 공학 연구개발업
363280.KS,363280,티와이홀딩스,KOSPI,기타 금융업
318410.KQ,318410,비비씨,KOSDAQ,기타 화학제품 제조업
355150.KQ,355150,코스텍시스,KOSDAQ,반도체 제조업
347770.KQ,347770,핌스,KOSDAQ,전자부품 제조업
291650.KQ,291650,압타머사이언스,KOSDAQ,자연과학 및 공학 연구개발업
294090.KQ,294090,이오플로우,KOSDAQ,의료용 기기 제조업
293490.KQ,293490,카카오게임즈,KOSDAQ,소프트웨어 개발 및 공급업
347740.KQ,347740,피엔케이피부임상연구센타,KOSDAQ,"그외 기타 전문, 과학 및 기술 서비스업"
357120.KS,357120,코람코라이프인프라리츠,KOSPI,부동산 임대 및 공급업
332370.KQ,332370,아이디피,KOSDAQ,컴퓨터 및 주변장치 제조업
331920.KQ,331920,셀레믹스,KOSDAQ,기초 의약물질 제조업
950190.KQ,950190,고스트스튜디오,KOSDAQ,소프트웨어 개발 및 공급업
337930.KQ,337930,젝시믹스,KOSDAQ,기타 정보 서비스업
060850.KQ,060850,영림원소프트랩,KOSDAQ,소프트웨어 개발 및 공급업
032300.KQ,032300,한국파마,KOSDAQ,의약품 제조업
348950.KS,348950,제이알글로벌리츠,KOSPI,부동산 임대 및 공급업
357780.KQ,357780,솔브레인,KOSDAQ,기타 화학제품 제조업
357250.KS,357250,미래에셋맵스리츠,KOSPI,부동산 임대 및 공급업
350520.KS,350520,이지스레지던스리츠,KOSPI,부동산 임대 및 공급업
332570.KQ,332570,PS일렉트로닉스,KOSDAQ,전자부품 제조업
101360.KQ,101360,에코앤드림,KOSDAQ,일차전지 및 이차전지 제조업
347890.KQ,347890,엠엑스온,KOSDAQ,"측정, 시험, 항해, 제어 및 기타 정밀기기 제조업; 광학기기 제외"
298540.KQ,298540,더네이쳐홀딩스,KOSDAQ,의복 액세서리 제조업
225220.KQ,225220,제놀루션,KOSDAQ,기초 의약물질 제조업
304100.KQ,304100,솔트룩스,KOSDAQ,소프트웨어 개발 및 공급업
266470.KS,266470,바이오인프라생명과학,KOSPI,자연과학 및 공학 연구개발업
277880.KQ,277880,티에스아이,KOSDAQ,특수 목적용 기계 제조업
262260.KQ,262260,에이프로,KOSDAQ,기타 전기장비 제조업
334890.KS,334890,이지스밸류플러스리츠,KOSPI,부동산 임대 및 공급업
950200.KQ,950200,소마젠,KOSDAQ,"그외 기타 전문, 과학 및 기술 서비스업"
290520.KQ,290520,신도기연,KOSDAQ,특수 목적용 기계 제조업
330350.KQ,330350,위더스제약,KOSDAQ,의약품 제조업
326030.KS,326030,에스케이바이오팜,KOSPI,자연과학 및 공학 연구개발업
169330.KQ,169330,엠브레인,KOSDAQ,시장조사 및 여론조사업
229000.KQ,229000,젠큐릭스,KOSDAQ,의료용품 및 기타 의약 관련제품 제조업
322970.KS,322970,무진메디,KOSPI,자연과학 및 공학 연구개발업
297890.KQ,297890,HB솔루션,KOSDAQ,특수 목적용 기계 제조업
351320.KQ,351320,넥사다이내믹스,KOSDAQ,특수 목적용 기계 제조업
298060.KQ,298060,풍전약품,KOSDAQ,의약품 제조업
353190.KQ,353190,휴럼,KOSDAQ,기타 식품 제조업
353810.KQ,353810,이지바이오,KOSDAQ,동물용 사료 및 조제식품 제조업
223250.KQ,223250,드림씨아이에스,KOSDAQ,자연과학 및 공학 연구개발업
353200.KS,353200,대덕전자,KOSPI,전자부품 제조업
198080.KQ,198080,캐프,KOSDAQ,전자부품 제조업
237820.KQ,237820,플레이디,KOSDAQ,광고업
092190.KQ,092190,서울바이오시스,KOSDAQ,반도체 제조업
204270.KQ,204270,제이앤티씨,KOSDAQ,전자부품 제조업
274090.KQ,274090,켄코아에어로스페이스,KOSDAQ,"항공기,우주선 및 부품 제조업"
294140.KQ,294140,레몬,KOSDAQ,화학섬유 제조업
294630.KQ,294630,서남,KOSDAQ,기타 전기장비 제조업
065370.KQ,065370,위세아이텍,KOSDAQ,소프트웨어 개발 및 공급업
344820.KS,344820,케이씨씨글라스,KOSPI,유리 및 유리제품 제조업
340440.KQ,340440,세림B&G,KOSDAQ,플라스틱제품 제조업
311690.KQ,311690,CJ 바이오사이언스,KOSDAQ,자연과학 및 공학 연구개발업
062970.KQ,062970,한국첨단소재,KOSDAQ,통신 및 방송 장비 제조업
062970.KQ,062970,한국첨단소재,KOSDAQ,통신 및 방송 장비 제조업
327260.KQ,327260,RF머트리얼즈,KOSDAQ,전자부품 제조업
339950.KQ,339950,아이비김영,KOSDAQ,일반 교습 학원
288330.KQ,288330,파라택시스코리아,KOSDAQ,"그외 기타 전문, 과학 및 기술 서비스업"
340360.KQ,340360,다보링크,KOSDAQ,통신 및 방송 장비 제조업
235980.KQ,235980,메드팩토,KOSDAQ,자연과학 및 공학 연구개발업
336570.KQ,336570,원텍,KOSDAQ,의료용 기기 제조업
226330.KQ,226330,신테카바이오,KOSDAQ,소프트웨어 개발 및 공급업
322510.KQ,322510,제이엘케이,KOSDAQ,소프트웨어 개발 및 공급업
124560.KQ,124560,태웅로직스,KOSDAQ,기타 운송관련 서비스업
335870.KQ,335870,윙스풋,KOSDAQ,"섬유, 의복, 신발 및 가죽제품 소매업"
317860.KS,317860,노드메이슨,KOSPI,기타 화학제품 제조업
302550.KQ,302550,리메드,KOSDAQ,의료용 기기 제조업
338100.KS,338100,NH프라임리츠,KOSPI,부동산 임대 및 공급업
336040.KS,336040,타스컴,KOSPI,의료용 기기 제조업
250030.KS,250030,진코스텍,KOSPI,기타 화학제품 제조업
336060.KQ,336060,웨이버스,KOSDAQ,소프트웨어 개발 및 공급업
337840.KS,337840,유엑스엔,KOSPI,의료용 기기 제조업
278650.KQ,278650,HLB바이오스텝,KOSDAQ,자연과학 및 공학 연구개발업
308170.KS,308170,씨티알모빌리티,KOSPI,자동차 신품 부품 제조업
321550.KQ,321550,티움바이오,KOSDAQ,자연과학 및 공학 연구개발업
297090.KQ,297090,씨에스베어링,KOSDAQ,일반 목적용 기계 제조업
103840.KQ,103840,우양,KOSDAQ,"과실, 채소 가공 및 저장 처리업"
190650.KQ,190650,코리아에셋투자증권,KOSDAQ,금융 지원 서비스업
322000.KS,322000,HD현대에너지솔루션,KOSPI,반도체 제조업
306040.KQ,306040,에스제이그룹,KOSDAQ,"가죽, 가방 및 유사제품 제조업"
216080.KQ,216080,제테마,KOSDAQ,의료용품 및 기타 의약 관련제품 제조업
272210.KS,272210,한화시스템,KOSPI,전자부품 제조업
214260.KQ,214260,라파스,KOSDAQ,기타 화학제품 제조업
084850.KQ,084850,아이티엠반도체,KOSDAQ,전자부품 제조업
333430.KQ,333430,일승,KOSDAQ,선박 및 보트 건조업
317400.KS,317400,자이에스앤디,KOSPI,부동산 임대 및 공급업
279600.KQ,279600,미디어젠,KOSDAQ,소프트웨어 개발 및 공급업
322180.KQ,322180,LS티라유텍,KOSDAQ,소프트웨어 개발 및 공급업
333050.KQ,333050,이노테나,KOSDAQ,소프트웨어 개발 및 공급업
330590.KS,330590,롯데리츠,KOSPI,부동산 임대 및 공급업
013890.KS,013890,지누스,KOSPI,가구 제조업
331520.KQ,331520,밸로프,KOSDAQ,소프트웨어 개발 및 공급업
317530.KQ,317530,에피소드컴퍼니,KOSDAQ,"영화, 비디오물, 방송프로그램 제작 및 배급업"
331660.KS,331660,한국미라클피플사,KOSPI,기타 화학제품 제조업
272110.KQ,272110,케이엔제이,KOSDAQ,반도체 제조업
317870.KQ,317870,엔바이오니아,KOSDAQ,그외 기타 제품 제조업
318010.KQ,318010,팜스빌,KOSDAQ,기타 식품 제조업
336260.KS,336260,두산퓨얼셀,KOSPI,"전동기, 발전기 및 전기 변환 · 공급 · 제어 장치 제조업"
300120.KQ,300120,라온피플,KOSDAQ,소프트웨어 개발 및 공급업
336370.KS,336370,솔루스첨단소재,KOSPI,전자부품 제조업
036420.KS,036420,콘텐트리중앙,KOSPI,"영화, 비디오물, 방송프로그램 제작 및 배급업"
158430.KQ,158430,아톤,KOSDAQ,소프트웨어 개발 및 공급업
234690.KQ,234690,녹십자웰빙,KOSDAQ,의약품 제조업
332290.KQ,332290,누보,KOSDAQ,"비료, 농약 및 살균, 살충제 제조업"
331380.KQ,331380,포커스에이아이,KOSDAQ,영상 및 음향기기 제조업
093510.KS,093510,엔지브이아이,KOSPI,자동차 신품 부품 제조업
244460.KQ,244460,올리패스,KOSDAQ,기초 의약물질 제조업
317120.KQ,317120,라닉스,KOSDAQ,반도체 제조업
320000.KQ,320000,한울반도체,KOSDAQ,특수 목적용 기계 제조업
256150.KQ,256150,한독크린텍,KOSDAQ,일반 목적용 기계 제조업
311390.KQ,311390,네오크레마,KOSDAQ,기타 식품 제조업
195500.KQ,195500,마니커에프앤지,KOSDAQ,"도축, 육류 가공 및 저장 처리업"
328380.KQ,328380,솔트웨어,KOSDAQ,"컴퓨터 프로그래밍, 시스템 통합 및 관리업"
286750.KQ,286750,나노실리칸첨단소재,KOSDAQ,기초 화학물질 제조업
317830.KQ,317830,에스피시스템스,KOSDAQ,특수 목적용 기계 제조업
228670.KQ,228670,레이,KOSDAQ,의료용 기기 제조업
186230.KQ,186230,그린플러스,KOSDAQ,1차 비철금속 제조업
282880.KQ,282880,코윈테크,KOSDAQ,특수 목적용 기계 제조업
317330.KQ,317330,덕산테코피아,KOSDAQ,기타 화학제품 제조업
318000.KQ,318000,KBG,KOSDAQ,합성고무 및 플라스틱 물질 제조업
317770.KQ,317770,엑스페릭스,KOSDAQ,전자부품 제조업
148150.KQ,148150,세경하이테크,KOSDAQ,전자부품 제조업
313760.KQ,313760,캐리,KOSDAQ,"전동기, 발전기 및 전기 변환 · 공급 · 제어 장치 제조업"
317850.KQ,317850,대모,KOSDAQ,특수 목적용 기계 제조업
241840.KQ,241840,에이스토리,KOSDAQ,"영화, 비디오물, 방송프로그램 제작 및 배급업"
300080.KQ,300080,플리토,KOSDAQ,"자료처리, 호스팅, 포털 및 기타 인터넷 정보매개 서비스업"
234340.KQ,234340,헥토파이낸셜,KOSDAQ,금융 지원 서비스업
289010.KQ,289010,아이스크림에듀,KOSDAQ,"서적, 잡지 및 기타 인쇄물 출판업"
327610.KS,327610,펨토바이오메드,KOSPI,의료용 기기 제조업
251970.KQ,251970,펌텍코리아,KOSDAQ,플라스틱제품 제조업
312610.KQ,312610,에이에프더블류,KOSDAQ,1차 비철금속 제조업
323280.KQ,323280,태성,KOSDAQ,특수 목적용 기계 제조업
293780.KQ,293780,압타바이오,KOSDAQ,자연과학 및 공학 연구개발업
308100.KQ,308100,형지글로벌,KOSDAQ,"섬유, 의복, 신발 및 가죽제품 소매업"
305090.KQ,305090,마이크로디지탈,KOSDAQ,의료용 기기 제조업
322780.KQ,322780,코퍼스코리아,KOSDAQ,"영화, 비디오물, 방송프로그램 제작 및 배급업"
321260.KQ,321260,프로이천,KOSDAQ,반도체 제조업
003670.KS,003670,포스코퓨처엠,KOSPI,일차전지 및 이차전지 제조업
253840.KQ,253840,수젠텍,KOSDAQ,의료용품 및 기타 의약 관련제품 제조업
307930.KQ,307930,컴퍼니케이,KOSDAQ,기타 금융업
319660.KQ,319660,피에스케이,KOSDAQ,특수 목적용 기계 제조업
319400.KQ,319400,현대무벡스,KOSDAQ,일반 목적용 기계 제조업
317240.KQ,317240,TS트릴리온,KOSDAQ,기타 화학제품 제조업
279060.KS,279060,이노벡스,KOSPI,"측정, 시험, 항해, 제어 및 기타 정밀기기 제조업; 광학기기 제외"
125210.KQ,125210,아모그린텍,KOSDAQ,전자부품 제조업
307950.KS,307950,현대오토에버,KOSPI,소프트웨어 개발 및 공급업
228760.KQ,228760,지노믹트리,KOSDAQ,자연과학 및 공학 연구개발업
099750.KQ,099750,이지케어텍,KOSDAQ,소프트웨어 개발 및 공급업
100790.KQ,100790,미래에셋벤처투자,KOSDAQ,기타 금융업
192650.KS,192650,드림텍,KOSPI,전자부품 제조업
192080.KS,192080,더블유게임즈,KOSPI,소프트웨어 개발 및 공급업
247540.KQ,247540,에코프로비엠,KOSDAQ,일차전지 및 이차전지 제조업
299660.KQ,299660,셀리드,KOSDAQ,자연과학 및 공학 연구개발업
316140.KS,316140,우리금융지주,KOSPI,기타 금융업
278280.KQ,278280,천보,KOSDAQ,기초 화학물질 제조업
246960.KQ,246960,SCL사이언스,KOSDAQ,의료용품 및 기타 의약 관련제품 제조업
104620.KQ,104620,노랑풍선,KOSDAQ,여행사 및 기타 여행보조 서비스업
053580.KQ,053580,웹케시,KOSDAQ,소프트웨어 개발 및 공급업
311060.KS,311060,엘에이티,KOSPI,특수 목적용 기계 제조업
298690.KS,298690,에어부산,KOSPI,항공 여객 운송업
238200.KQ,238200,비피도,KOSDAQ,기타 식품 제조업
263050.KQ,263050,유틸렉스,KOSDAQ,기초 의약물질 제조업
290550.KQ,290550,디케이티,KOSDAQ,전자부품 제조업
307180.KQ,307180,아이엘,KOSDAQ,전구 및 조명장치 제조업
310200.KQ,310200,애니플러스,KOSDAQ,"영화, 비디오물, 방송프로그램 제작 및 배급업"
310870.KQ,310870,디와이씨,KOSDAQ,자동차 신품 부품 제조업
299900.KQ,299900,위지윅스튜디오,KOSDAQ,"영화, 비디오물, 방송프로그램 제작 및 배급업"
309930.KQ,309930,조이웍스앤코,KOSDAQ,기타 생활용품 소매업
307750.KQ,307750,국전,KOSDAQ,의약품 제조업
298380.KQ,298380,에이비엘바이오,KOSDAQ,기초 의약물질 제조업
100590.KQ,100590,머큐리,KOSDAQ,통신 및 방송 장비 제조업
110020.KQ,110020,전진바이오팜,KOSDAQ,기타 화학제품 제조업
270870.KQ,270870,뉴트리,KOSDAQ,기타 식품 제조업
307870.KQ,307870,비투엔,KOSDAQ,소프트웨어 개발 및 공급업
302430.KQ,302430,이노메트리,KOSDAQ,특수 목적용 기계 제조업
290120.KQ,290120,DH오토리드,KOSDAQ,자동차 신품 부품 제조업
128540.KQ,128540,에코캡,KOSDAQ,자동차 신품 부품 제조업
307280.KQ,307280,원바이오젠,KOSDAQ,의료용품 및 기타 의약 관련제품 제조업
900340.KQ,900340,윙입푸드,KOSDAQ,기타 금융업
111710.KQ,111710,남화산업,KOSDAQ,스포츠 서비스업
111710.KQ,111710,남화산업,KOSDAQ,스포츠 서비스업
179290.KQ,179290,엠아이텍,KOSDAQ,의료용 기기 제조업
117730.KQ,117730,티로보틱스,KOSDAQ,특수 목적용 기계 제조업
290660.KQ,290660,다이나믹솔루션,KOSDAQ,의료용 기기 제조업
207490.KS,207490,에이펙스인텍,KOSPI,전구 및 조명장치 제조업
246710.KQ,246710,티앤알바이오팹,KOSDAQ,기초 의약물질 제조업
267850.KS,267850,아시아나IDT,KOSPI,"컴퓨터 프로그래밍, 시스템 통합 및 관리업"
263690.KQ,263690,디알젬,KOSDAQ,의료용 기기 제조업
217330.KQ,217330,싸이토젠,KOSDAQ,자연과학 및 공학 연구개발업
027360.KQ,027360,아주IB투자,KOSDAQ,기타 금융업
263020.KQ,263020,디케이앤디,KOSDAQ,플라스틱제품 제조업
194700.KQ,194700,노바렉스,KOSDAQ,기타 식품 제조업
290670.KQ,290670,대보마그네틱,KOSDAQ,기타 전기장비 제조업
285490.KQ,285490,노바텍,KOSDAQ,그외 기타 제품 제조업
290650.KQ,290650,엘앤씨바이오,KOSDAQ,의약품 제조업
306620.KQ,306620,지아이에스,KOSDAQ,특수 목적용 기계 제조업
108490.KQ,108490,로보티즈,KOSDAQ,특수 목적용 기계 제조업
153710.KQ,153710,옵티팜,KOSDAQ,의료용품 및 기타 의약 관련제품 제조업
288620.KQ,288620,에스프리즘,KOSDAQ,"전동기, 발전기 및 전기 변환 · 공급 · 제어 장치 제조업"
306200.KS,306200,세아제강,KOSPI,1차 철강 제조업
293580.KQ,293580,나우IB,KOSDAQ,기타 금융업
290720.KQ,290720,푸드나무,KOSDAQ,무점포 소매업
293480.KS,293480,하나제약,KOSPI,의약품 제조업
110790.KQ,110790,크리스에프앤씨,KOSDAQ,봉제의복 제조업
299170.KQ,299170,더블유에스아이,KOSDAQ,생활용품 도매업
219750.KQ,219750,한국비티비,KOSDAQ,의료용 기기 제조업
010400.KS,010400,우진아이엔에스,KOSPI,건물설비 설치 공사업
291230.KQ,291230,엔피,KOSDAQ,기타 사업지원 서비스업
257370.KQ,257370,피엔티엠에스,KOSDAQ,특수 목적용 기계 제조업
140610.KS,140610,엔솔바이오사이언스,KOSPI,자연과학 및 공학 연구개발업
197140.KQ,197140,디지캡,KOSDAQ,소프트웨어 개발 및 공급업
303030.KQ,303030,지니틱스,KOSDAQ,반도체 제조업
290740.KQ,290740,액트로,KOSDAQ,전자부품 제조업
173130.KQ,173130,오파스넷,KOSDAQ,"컴퓨터 프로그래밍, 시스템 통합 및 관리업"
089970.KQ,089970,브이엠,KOSDAQ,특수 목적용 기계 제조업
086820.KQ,086820,바이오솔루션,KOSDAQ,기초 의약물질 제조업
302920.KS,302920,더콘텐츠온,KOSPI,"영화, 비디오물, 방송프로그램 제작 및 배급업"
293940.KS,293940,신한알파리츠,KOSPI,부동산 임대 및 공급업
110990.KQ,110990,디아이티,KOSDAQ,특수 목적용 기계 제조업
275630.KQ,275630,에스에스알,KOSDAQ,소프트웨어 개발 및 공급업
300720.KS,300720,한일시멘트,KOSPI,"시멘트, 석회, 플라스터 및 그 제품 제조업"
290270.KQ,290270,휴네시온,KOSDAQ,소프트웨어 개발 및 공급업
091810.KS,091810,트리니티항공,KOSPI,항공 여객 운송업
286940.KS,286940,롯데이노베이트,KOSPI,"컴퓨터 프로그래밍, 시스템 통합 및 관리업"
080720.KQ,080720,한국유니온제약,KOSDAQ,의약품 제조업
204020.KQ,204020,그리티,KOSDAQ,봉제의복 제조업
297570.KQ,297570,아틀라스링크,KOSDAQ,통신 및 방송 장비 제조업
226950.KQ,226950,올릭스,KOSDAQ,자연과학 및 공학 연구개발업
298050.KS,298050,HS효성첨단소재,KOSPI,화학섬유 제조업
258050.KS,258050,테크트랜스,KOSPI,기타 금속 가공제품 제조업
298040.KS,298040,효성중공업,KOSPI,"전동기, 발전기 및 전기 변환 · 공급 · 제어 장치 제조업"
298020.KS,298020,효성티앤씨,KOSPI,화학섬유 제조업
298000.KS,298000,효성화학,KOSPI,기초 화학물질 제조업
175250.KQ,175250,아이큐어,KOSDAQ,기타 화학제품 제조업
289080.KQ,289080,SV인베스트먼트,KOSDAQ,기타 금융업
276240.KS,276240,엘리비젼,KOSPI,영상 및 음향기기 제조업
299480.KS,299480,지앤이헬스케어,KOSPI,기타 섬유제품 제조업
088260.KS,088260,이리츠코크렙,KOSPI,부동산 임대 및 공급업
245620.KQ,245620,EDGC,KOSDAQ,자연과학 및 공학 연구개발업
294870.KS,294870,IPARK현대산업개발,KOSPI,건물 건설업
284620.KQ,284620,카이노스메드,KOSDAQ,자연과학 및 공학 연구개발업
037030.KQ,037030,파워넷,KOSDAQ,"전동기, 발전기 및 전기 변환 · 공급 · 제어 장치 제조업"
016790.KQ,016790,현대사료,KOSDAQ,동물용 사료 및 조제식품 제조업
258830.KQ,258830,세종메디칼,KOSDAQ,의료용 기기 제조업
122310.KQ,122310,제노레이,KOSDAQ,의료용 기기 제조업
217910.KS,217910,에스제이켐,KOSPI,기초 화학물질 제조업
950170.KQ,950170,JTC,KOSDAQ,종합 소매업
253590.KQ,253590,네오셈,KOSDAQ,특수 목적용 기계 제조업
263700.KQ,263700,케어랩스,KOSDAQ,광고업
018250.KS,018250,애경산업,KOSPI,기타 화학제품 제조업
277070.KQ,277070,린드먼아시아,KOSDAQ,신탁업 및 집합투자업
226400.KQ,226400,오스테오닉,KOSDAQ,의료용 기기 제조업
183490.KQ,183490,엔지켐생명과학,KOSDAQ,기초 의약물질 제조업
006620.KQ,006620,동구바이오제약,KOSDAQ,의약품 제조업
154030.KQ,154030,아시아종묘,KOSDAQ,작물 재배업
260660.KQ,260660,알리코제약,KOSDAQ,의료용품 및 기타 의약 관련제품 제조업
068270.KS,068270,셀트리온,KOSPI,기초 의약물질 제조업
042000.KQ,042000,카페24,KOSDAQ,"자료처리, 호스팅, 포털 및 기타 인터넷 정보매개 서비스업"
219420.KQ,219420,링크제니시스,KOSDAQ,소프트웨어 개발 및 공급업
267790.KQ,267790,배럴,KOSDAQ,봉제의복 제조업
255220.KQ,255220,SG,KOSDAQ,기타 비금속 광물제품 제조업
264660.KQ,264660,씨앤지하이테크,KOSDAQ,특수 목적용 기계 제조업
284740.KS,284740,쿠쿠홈시스,KOSPI,개인 및 가정용품 임대업
285130.KS,285130,SK케미칼,KOSPI,합성고무 및 플라스틱 물질 제조업
269620.KQ,269620,시스웍,KOSDAQ,"측정, 시험, 항해, 제어 및 기타 정밀기기 제조업; 광학기기 제외"
187870.KQ,187870,디바이스,KOSDAQ,특수 목적용 기계 제조업
236030.KS,236030,씨알푸드,KOSPI,"곡물가공품, 전분 및 전분제품 제조업"
281740.KQ,281740,레이크머티리얼즈,KOSDAQ,기타 화학제품 제조업
282330.KS,282330,BGF리테일,KOSPI,종합 소매업
092780.KS,092780,DYP,KOSPI,자동차용 엔진 및 자동차 제조업
272450.KS,272450,진에어,KOSPI,항공 여객 운송업
260930.KQ,260930,씨티케이,KOSDAQ,기타 화학제품 제조업
241770.KQ,241770,메카로,KOSDAQ,반도체 제조업
234300.KQ,234300,에스트래픽,KOSDAQ,"컴퓨터 프로그래밍, 시스템 통합 및 관리업"
281820.KS,281820,케이씨텍,KOSPI,"측정, 시험, 항해, 제어 및 기타 정밀기기 제조업; 광학기기 제외"
066360.KQ,066360,체리부로,KOSDAQ,"도축, 육류 가공 및 저장 처리업"
007680.KQ,007680,대원,KOSDAQ,건물 건설업
272550.KS,272550,삼양패키징,KOSPI,플라스틱제품 제조업
253450.KQ,253450,스튜디오드래곤,KOSDAQ,"영화, 비디오물, 방송프로그램 제작 및 배급업"
950160.KQ,950160,코오롱티슈진,KOSDAQ,기초 의약물질 제조업
278990.KS,278990,EMB,KOSPI,"전동기, 발전기 및 전기 변환 · 공급 · 제어 장치 제조업"
055490.KS,055490,테이팩스,KOSPI,플라스틱제품 제조업
280360.KS,280360,롯데웰푸드,KOSPI,기타 식품 제조업
180060.KS,180060,탑선,KOSPI,기타 전기장비 제조업
180060.KS,180060,탑선,KOSPI,기타 전기장비 제조업
265560.KQ,265560,영화테크,KOSDAQ,자동차 신품 부품 제조업
234100.KQ,234100,폴라리스세원,KOSDAQ,자동차 신품 부품 제조업
263810.KQ,263810,상신전자,KOSDAQ,전자부품 제조업
255440.KQ,255440,야스,KOSDAQ,특수 목적용 기계 제조업
277410.KQ,277410,인산가,KOSDAQ,기타 식품 제조업
263920.KQ,263920,휴엠앤씨,KOSDAQ,그외 기타 제품 제조업
243840.KQ,243840,신흥에스이씨,KOSDAQ,일차전지 및 이차전지 제조업
179900.KQ,179900,유티아이,KOSDAQ,전자부품 제조업
171090.KQ,171090,선익시스템,KOSDAQ,특수 목적용 기계 제조업
259630.KQ,259630,엠플러스,KOSDAQ,특수 목적용 기계 제조업
174900.KQ,174900,앱클론,KOSDAQ,의료용품 및 기타 의약 관련제품 제조업
263750.KQ,263750,펄어비스,KOSDAQ,소프트웨어 개발 및 공급업
256940.KQ,256940,킵스파마,KOSDAQ,의약품 제조업
260870.KS,260870,SK시그넷,KOSPI,"전동기, 발전기 및 전기 변환 · 공급 · 제어 장치 제조업"
260870.KS,260870,SK시그넷,KOSPI,"전동기, 발전기 및 전기 변환 · 공급 · 제어 장치 제조업"
263600.KQ,263600,덕우전자,KOSDAQ,전자부품 제조업
270520.KQ,270520,앱튼,KOSDAQ,"건축기술, 엔지니어링 및 관련 기술 서비스업"
258610.KQ,258610,케일럼,KOSDAQ,"구조용 금속제품, 탱크 및 증기발생기 제조업"
140670.KQ,140670,알에스오토메이션,KOSDAQ,전자부품 제조업
900310.KQ,900310,컬러레이,KOSDAQ,기타 금융업
273060.KQ,273060,와이즈버즈,KOSDAQ,광고업
118990.KQ,118990,모트렉스,KOSDAQ,자동차 신품 부품 제조업
263800.KQ,263800,데이타솔루션,KOSDAQ,기계장비 및 관련 물품 도매업
263860.KQ,263860,지니언스,KOSDAQ,소프트웨어 개발 및 공급업
263720.KQ,263720,디앤씨미디어,KOSDAQ,"서적, 잡지 및 기타 인쇄물 출판업"
162120.KS,162120,루켄테크놀러지스,KOSPI,기타 전기장비 제조업
238490.KQ,238490,힘스,KOSDAQ,특수 목적용 기계 제조업
271980.KS,271980,제일약품,KOSPI,의약품 제조업
251630.KQ,251630,브이원텍,KOSDAQ,특수 목적용 기계 제조업
227610.KQ,227610,아우딘퓨쳐스,KOSDAQ,기타 화학제품 제조업
272290.KQ,272290,이녹스첨단소재,KOSDAQ,전자부품 제조업
035720.KS,035720,카카오,KOSPI,"자료처리, 호스팅, 포털 및 기타 인터넷 정보매개 서비스업"
271560.KS,271560,오리온,KOSPI,기타 식품 제조업
003380.KQ,003380,하림지주,KOSDAQ,기타 금융업
261200.KQ,261200,덴티스,KOSDAQ,의료용 기기 제조업
233250.KS,233250,메디안디노스틱,KOSPI,의료용품 및 기타 의약 관련제품 제조업
267320.KQ,267320,나인테크,KOSDAQ,특수 목적용 기계 제조업
270210.KS,270210,에스알바이오텍,KOSPI,기타 화학제품 제조업
266170.KS,266170,레드우즈,KOSPI,"영화, 비디오물, 방송프로그램 제작 및 배급업"
250000.KQ,250000,보라티알,KOSDAQ,음·식료품 및 담배 도매업
267980.KQ,267980,매일유업,KOSDAQ,동·식물성 유지 및 낙농제품 제조업
225190.KQ,225190,LK삼양,KOSDAQ,사진장비 및 광학기기 제조업
264850.KQ,264850,이랜시스,KOSDAQ,전자부품 제조업
161580.KQ,161580,필옵틱스,KOSDAQ,특수 목적용 기계 제조업
268280.KS,268280,미원에스씨,KOSPI,기초 화학물질 제조업
267290.KS,267290,경동도시가스,KOSPI,연료용 가스 제조 및 배관공급업
251270.KS,251270,넷마블,KOSPI,소프트웨어 개발 및 공급업
267270.KS,267270,HD건설기계,KOSPI,특수 목적용 기계 제조업
267250.KS,267250,HD현대,KOSPI,기타 금융업
267260.KS,267260,HD현대일렉트릭,KOSPI,"전동기, 발전기 및 전기 변환 · 공급 · 제어 장치 제조업"
256630.KQ,256630,포인트엔지니어링,KOSDAQ,기타 금속 가공제품 제조업
166090.KQ,166090,하나머티리얼즈,KOSDAQ,반도체 제조업
258790.KQ,258790,소프트캠프,KOSDAQ,소프트웨어 개발 및 공급업
251370.KQ,251370,와이엠티,KOSDAQ,기초 화학물질 제조업
264900.KS,264900,크라운제과,KOSPI,"떡, 빵 및 과자류 제조업"
265520.KQ,265520,AP시스템,KOSDAQ,특수 목적용 기계 제조업
263770.KQ,263770,유에스티,KOSDAQ,1차 철강 제조업
063760.KQ,063760,이엘피,KOSDAQ,"측정, 시험, 항해, 제어 및 기타 정밀기기 제조업; 광학기기 제외"
264450.KQ,264450,유비쿼스,KOSDAQ,통신 및 방송 장비 제조업
178320.KQ,178320,서진시스템,KOSDAQ,기타 전기장비 제조업
183300.KQ,183300,코미코,KOSDAQ,특수 목적용 기계 제조업
246720.KQ,246720,아스타,KOSDAQ,의료용품 및 기타 의약 관련제품 제조업
145720.KS,145720,덴티움,KOSPI,의료용 기기 제조업
217480.KQ,217480,에스디생명공학,KOSDAQ,기타 화학제품 제조업
002800.KQ,002800,신신제약,KOSDAQ,의약품 제조업
083500.KQ,083500,에프엔에스테크,KOSDAQ,특수 목적용 기계 제조업
087260.KQ,087260,모바일어플라이언스,KOSDAQ,소프트웨어 개발 및 공급업
241820.KQ,241820,피씨엘,KOSDAQ,의료용품 및 기타 의약 관련제품 제조업
111110.KS,111110,호전실업,KOSPI,봉제의복 제조업
140070.KQ,140070,서플러스글로벌,KOSDAQ,기계장비 및 관련 물품 도매업
206650.KQ,206650,유바이오로직스,KOSDAQ,의약품 제조업
227420.KS,227420,도부,KOSPI,직물직조 및 직물제품 제조업
256840.KQ,256840,한국비엔씨,KOSDAQ,기초 의약물질 제조업
241520.KQ,241520,DSC인베스트먼트,KOSDAQ,신탁업 및 집합투자업
246690.KQ,246690,TS인베스트먼트,KOSDAQ,신탁업 및 집합투자업
147760.KQ,147760,피엠티,KOSDAQ,"측정, 시험, 항해, 제어 및 기타 정밀기기 제조업; 광학기기 제외"
199290.KS,199290,바이오프로테크,KOSPI,의료용 기기 제조업
196300.KQ,196300,HLB펩,KOSDAQ,기초 의약물질 제조업
196300.KQ,196300,HLB펩,KOSDAQ,기초 의약물질 제조업
203450.KQ,203450,유니온바이오메트릭스,KOSDAQ,통신 및 방송 장비 제조업
215600.KQ,215600,신라젠,KOSDAQ,자연과학 및 공학 연구개발업
254120.KQ,254120,자비스,KOSDAQ,특수 목적용 기계 제조업
143210.KS,143210,핸즈코퍼레이션,KOSPI,자동차 신품 부품 제조업
241790.KQ,241790,티이엠씨씨엔에스,KOSDAQ,특수 목적용 기계 제조업
220100.KQ,220100,퓨쳐켐,KOSDAQ,의약품 제조업
144960.KQ,144960,뉴파워프라즈마,KOSDAQ,특수 목적용 기계 제조업
156100.KQ,156100,엘앤케이바이오,KOSDAQ,의료용 기기 제조업
220180.KQ,220180,핸디소프트,KOSDAQ,소프트웨어 개발 및 공급업
241560.KS,241560,두산밥캣,KOSPI,특수 목적용 기계 제조업
207940.KS,207940,삼성바이오로직스,KOSPI,기초 의약물질 제조업
237880.KQ,237880,클리오,KOSDAQ,기타 화학제품 제조업
900300.KQ,900300,오가닉티코스메틱,KOSDAQ,기타 금융업
238120.KQ,238120,얼라인드,KOSDAQ,사진장비 및 광학기기 제조업
252500.KQ,252500,세화피앤씨,KOSDAQ,기타 화학제품 제조업
243870.KS,243870,아이티센코어,KOSPI,"컴퓨터 프로그래밍, 시스템 통합 및 관리업"
216050.KQ,216050,인크로스,KOSDAQ,광고업
239610.KQ,239610,에이치엘사이언스,KOSDAQ,기타 식품 제조업
241710.KQ,241710,코스메카코리아,KOSDAQ,기타 화학제품 제조업
234080.KS,234080,JW생명과학,KOSPI,의약품 제조업
900290.KQ,900290,GRT,KOSDAQ,기타 금융업
251280.KS,251280,안지오랩,KOSPI,자연과학 및 공학 연구개발업
189300.KQ,189300,인텔리안테크,KOSDAQ,통신 및 방송 장비 제조업
072990.KQ,072990,에이치시티,KOSDAQ,기타 과학기술 서비스업
950140.KQ,950140,잉글우드랩,KOSDAQ,기타 화학제품 제조업
238090.KQ,238090,앤디포스,KOSDAQ,플라스틱제품 제조업
050960.KQ,050960,수산아이앤티,KOSDAQ,소프트웨어 개발 및 공급업
201490.KQ,201490,미투온,KOSDAQ,소프트웨어 개발 및 공급업
241590.KS,241590,화승엔터프라이즈,KOSPI,신발 및 신발 부분품 제조업
250930.KQ,250930,예선테크,KOSDAQ,플라스틱제품 제조업
229640.KS,229640,LS에코에너지,KOSPI,기타 금융업
241690.KQ,241690,유니테크노,KOSDAQ,자동차 신품 부품 제조업
250060.KQ,250060,모비스,KOSDAQ,"컴퓨터 프로그래밍, 시스템 통합 및 관리업"
242040.KQ,242040,나무기술,KOSDAQ,소프트웨어 개발 및 공급업
234920.KQ,234920,자이글,KOSDAQ,가정용 기기 제조업
249420.KS,249420,일동제약,KOSPI,의약품 제조업
900270.KQ,900270,헝셩그룹,KOSDAQ,기타 금융업
248170.KS,248170,샘표식품,KOSPI,기타 식품 제조업
191600.KS,191600,블루탑,KOSPI,전자부품 제조업
016740.KS,016740,두올,KOSPI,자동차 신품 부품 제조업
208860.KQ,208860,다산디엠씨,KOSDAQ,소프트웨어 개발 및 공급업
073560.KQ,073560,우리손에프앤지,KOSDAQ,"도축, 육류 가공 및 저장 처리업"
073560.KQ,073560,우리손에프앤지,KOSDAQ,"도축, 육류 가공 및 저장 처리업"
212310.KS,212310,오건에코텍,KOSPI,의료용 기기 제조업
123010.KQ,123010,알엔티엑스,KOSDAQ,전자부품 제조업
066830.KS,066830,제노텍,KOSPI,기타 화학제품 제조업
026960.KS,026960,동서,KOSPI,음·식료품 및 담배 도매업
123890.KS,123890,한국자산신탁,KOSPI,신탁업 및 집합투자업
034830.KS,034830,한국토지신탁,KOSPI,신탁업 및 집합투자업
142760.KQ,142760,모아라이프플러스,KOSDAQ,자연과학 및 공학 연구개발업
237750.KQ,237750,피앤씨테크,KOSDAQ,"전동기, 발전기 및 전기 변환 · 공급 · 제어 장치 제조업"
900260.KQ,900260,로스웰,KOSDAQ,기타 금융업
245450.KS,245450,씨앤에스링크,KOSPI,통신 및 방송 장비 제조업
195870.KS,195870,해성디에스,KOSPI,전자부품 제조업
237690.KQ,237690,에스티팜,KOSDAQ,의약품 제조업
144510.KQ,144510,지씨셀,KOSDAQ,"그외 기타 전문, 과학 및 기술 서비스업"
148250.KQ,148250,알엔투테크놀로지,KOSDAQ,전자부품 제조업
208850.KS,208850,이비테크,KOSPI,기타 전기장비 제조업
239340.KQ,239340,이스트에이드,KOSDAQ,"자료처리, 호스팅, 포털 및 기타 인터넷 정보매개 서비스업"
243070.KQ,243070,휴온스,KOSDAQ,의약품 제조업
244880.KS,244880,나눔테크,KOSPI,의료용 기기 제조업
244880.KS,244880,나눔테크,KOSPI,의료용 기기 제조업
112190.KS,112190,KC산업,KOSPI,토목 건설업
070960.KS,070960,모나용평,KOSPI,일반 및 생활 숙박시설 운영업
101530.KS,101530,해태제과식품,KOSPI,기타 식품 제조업
240810.KQ,240810,원익IPS,KOSDAQ,특수 목적용 기계 제조업
238500.KS,238500,솔루믹스,KOSPI,"그외 기타 전문, 과학 및 기술 서비스업"
228850.KQ,228850,레이언스,KOSDAQ,의료용 기기 제조업
228340.KQ,228340,동양파일,KOSDAQ,"시멘트, 석회, 플라스터 및 그 제품 제조업"
004440.KS,004440,삼일씨엔에스,KOSPI,"시멘트, 석회, 플라스터 및 그 제품 제조업"
222110.KQ,222110,팬젠,KOSDAQ,의약품 제조업
211270.KQ,211270,AP위성,KOSDAQ,통신 및 방송 장비 제조업
115180.KQ,115180,큐리언트,KOSDAQ,자연과학 및 공학 연구개발업
065660.KQ,065660,안트로젠,KOSDAQ,기타 전문 도매업
236200.KQ,236200,슈프리마,KOSDAQ,통신 및 방송 장비 제조업
194370.KS,194370,제이에스코퍼레이션,KOSPI,"가죽, 가방 및 유사제품 제조업"
142210.KQ,142210,유니트론텍,KOSDAQ,자동차 부품 및 내장품 판매업
900250.KQ,900250,크리스탈신소재,KOSDAQ,기타 금융업
236340.KS,236340,메디젠휴먼케어,KOSPI,자연과학 및 공학 연구개발업
206950.KS,206950,볼빅,KOSPI,운동 및 경기용구 제조업
232530.KS,232530,이엠티,KOSPI,일차전지 및 이차전지 제조업
224060.KQ,224060,더코디,KOSDAQ,전자부품 제조업
109610.KQ,109610,에스와이,KOSDAQ,"구조용 금속제품, 탱크 및 증기발생기 제조업"
233990.KS,233990,질경이,KOSPI,기타 화학제품 제조업
226320.KS,226320,잇츠한불,KOSPI,기타 화학제품 제조업
215570.KS,215570,크로넥스,KOSPI,자연과학 및 공학 연구개발업
223310.KQ,223310,사토시홀딩스,KOSDAQ,상품 종합 도매업
232140.KQ,232140,와이씨,KOSDAQ,특수 목적용 기계 제조업
191410.KQ,191410,육일씨엔에쓰,KOSDAQ,전자부품 제조업
145020.KQ,145020,휴젤,KOSDAQ,기초 의약물질 제조업
222980.KQ,222980,한국맥널티,KOSDAQ,기타 식품 제조업
206560.KQ,206560,덱스터,KOSDAQ,"영화, 비디오물, 방송프로그램 제작 및 배급업"
013310.KQ,013310,아진산업,KOSDAQ,자동차 신품 부품 제조업
047920.KQ,047920,HLB제약,KOSDAQ,자연과학 및 공학 연구개발업
217730.KQ,217730,강스템바이오텍,KOSDAQ,기초 의약물질 제조업
234070.KS,234070,에이원큐브텍,KOSPI,산업용 기계 및 장비 임대업
133750.KQ,133750,메가엠디,KOSDAQ,일반 교습 학원
225530.KQ,225530,HC보광산업,KOSDAQ,기타 비금속 광물제품 제조업
140860.KQ,140860,파크시스템스,KOSDAQ,"측정, 시험, 항해, 제어 및 기타 정밀기기 제조업; 광학기기 제외"
230240.KQ,230240,에치에프알,KOSDAQ,통신 및 방송 장비 제조업
122640.KQ,122640,예스티,KOSDAQ,특수 목적용 기계 제조업
222040.KQ,222040,코스맥스엔비티,KOSDAQ,기타 식품 제조업
058110.KQ,058110,멕아이씨에스,KOSDAQ,의료용 기기 제조업
217820.KQ,217820,원익피앤이,KOSDAQ,특수 목적용 기계 제조업
075580.KS,075580,세진중공업,KOSPI,선박 및 보트 건조업
221840.KQ,221840,하이즈항공,KOSDAQ,"항공기,우주선 및 부품 제조업"
180400.KQ,180400,DXVX,KOSDAQ,기타 과학기술 서비스업
221980.KQ,221980,케이디켐,KOSDAQ,기타 화학제품 제조업
212560.KQ,212560,네오오토,KOSDAQ,자동차 신품 부품 제조업
227950.KQ,227950,엔투텍,KOSDAQ,특수 목적용 기계 제조업
214370.KQ,214370,케어젠,KOSDAQ,기초 의약물질 제조업
185490.KQ,185490,아이진,KOSDAQ,자연과학 및 공학 연구개발업
190510.KQ,190510,나무가,KOSDAQ,전자부품 제조업
056090.KQ,056090,시지메드텍,KOSDAQ,의료용 기기 제조업
214330.KS,214330,금호에이치티,KOSPI,자동차 신품 부품 제조업
089590.KS,089590,제주항공,KOSPI,항공 여객 운송업
226340.KQ,226340,본느,KOSDAQ,기타 화학제품 제조업
217950.KS,217950,파마리서치바이오,KOSPI,의약품 제조업
092590.KS,092590,럭스피아,KOSPI,반도체 제조업
229500.KS,229500,노브메타파마,KOSPI,자연과학 및 공학 연구개발업
182400.KQ,182400,엔케이젠바이오텍코리아,KOSDAQ,기초 의약물질 제조업
227840.KS,227840,현대코퍼레이션홀딩스,KOSPI,음·식료품 및 담배 도매업
092870.KQ,092870,엑시콘,KOSDAQ,특수 목적용 기계 제조업
224810.KS,224810,엄지하우스,KOSPI,실내건축 및 건축마무리 공사업
200580.KS,200580,메디쎄이,KOSPI,의료용 기기 제조업
225430.KQ,225430,케이엠제약,KOSDAQ,기타 화학제품 제조업
225590.KQ,225590,패션플랫폼,KOSDAQ,봉제의복 제조업
079550.KS,079550,LIG디펜스앤에어로스페이스,KOSPI,무기 및 총포탄 제조업
225570.KQ,225570,넥슨게임즈,KOSDAQ,소프트웨어 개발 및 공급업
217190.KQ,217190,제너셈,KOSDAQ,특수 목적용 기계 제조업
219130.KQ,219130,타이거일렉,KOSDAQ,전자부품 제조업
039570.KS,039570,HDC랩스,KOSPI,전기 및 통신 공사업
002690.KS,002690,동일제강,KOSPI,1차 철강 제조업
175140.KQ,175140,아고스,KOSDAQ,통신 및 방송 장비 제조업
222080.KQ,222080,SFA넥셀,KOSDAQ,특수 목적용 기계 제조업
224110.KQ,224110,에이텍모빌리티,KOSDAQ,통신 및 방송 장비 제조업
196700.KQ,196700,웹스,KOSDAQ,합성고무 및 플라스틱 물질 제조업
095570.KS,095570,AJ네트웍스,KOSPI,산업용 기계 및 장비 임대업
131760.KQ,131760,파인텍,KOSDAQ,특수 목적용 기계 제조업
222800.KQ,222800,심텍,KOSDAQ,전자부품 제조업
189980.KQ,189980,흥국에프엔비,KOSDAQ,비알코올음료 및 얼음 제조업
222420.KQ,222420,쎄노텍,KOSDAQ,기타 비금속 광물제품 제조업
094360.KQ,094360,칩스앤미디어,KOSDAQ,반도체 제조업
127710.KQ,127710,아시아경제,KOSDAQ,"자료처리, 호스팅, 포털 및 기타 인터넷 정보매개 서비스업"
224760.KS,224760,엔에스컴퍼니,KOSPI,토목 건설업
214430.KQ,214430,아이쓰리시스템,KOSDAQ,전자부품 제조업
067730.KQ,067730,로지시스,KOSDAQ,"컴퓨터 프로그래밍, 시스템 통합 및 관리업"
222670.KS,222670,플럼라인생명과학,KOSPI,자연과학 및 공학 연구개발업
220260.KQ,220260,켐트로스,KOSDAQ,기타 화학제품 제조업
214450.KQ,214450,파마리서치,KOSDAQ,의료용품 및 기타 의약 관련제품 제조업
219550.KQ,219550,디와이디,KOSDAQ,생활용품 도매업
087010.KQ,087010,펩트론,KOSDAQ,기초 의약물질 제조업
214320.KS,214320,이노션,KOSPI,광고업
214420.KS,214420,토니모리,KOSPI,기타 화학제품 제조업
086220.KS,086220,광동헬스바이오,KOSPI,기타 식품 제조업
223220.KS,223220,로지스몬,KOSPI,기타 운송관련 서비스업
085620.KS,085620,미래에셋생명,KOSPI,보험업
218410.KQ,218410,RFHIC,KOSDAQ,통신 및 방송 장비 제조업
094170.KQ,094170,동운아나텍,KOSDAQ,반도체 제조업
178780.KQ,178780,일월지엠엘,KOSDAQ,상품 종합 도매업
214180.KQ,214180,헥토이노베이션,KOSDAQ,기타 정보 서비스업
214390.KS,214390,경보제약,KOSPI,기초 의약물질 제조업
216400.KS,216400,인바이츠바이오코아,KOSPI,자연과학 및 공학 연구개발업
166480.KQ,166480,코아스템켐온,KOSDAQ,의약품 제조업
210980.KS,210980,SK디앤디,KOSPI,부동산 임대 및 공급업
103660.KS,103660,씨앗,KOSPI,기타 화학제품 제조업
103660.KS,103660,씨앗,KOSPI,기타 화학제품 제조업
177350.KQ,177350,베셀,KOSDAQ,플라스틱제품 제조업
217270.KQ,217270,넵튠,KOSDAQ,소프트웨어 개발 및 공급업
218150.KQ,218150,미래생명자원,KOSDAQ,동물용 사료 및 조제식품 제조업
160980.KQ,160980,싸이맥스,KOSDAQ,특수 목적용 기계 제조업
217500.KQ,217500,러셀,KOSDAQ,특수 목적용 기계 제조업
087600.KQ,087600,픽셀플러스,KOSDAQ,전자부품 제조업
187420.KQ,187420,HLB제넥스,KOSDAQ,기초 의약물질 제조업
217880.KS,217880,틸론,KOSPI,소프트웨어 개발 및 공급업
076340.KS,076340,지에이이노더스,KOSPI,기반조성 및 시설물 축조관련 전문공사업
215380.KQ,215380,콜마바이오텍,KOSDAQ,자연과학 및 공학 연구개발업
215480.KQ,215480,토박스코리아,KOSDAQ,"섬유, 의복, 신발 및 가죽제품 소매업"
215790.KQ,215790,이노인스트루먼트,KOSDAQ,통신 및 방송 장비 제조업
215360.KQ,215360,우리산업,KOSDAQ,자동차 신품 부품 제조업
215200.KQ,215200,메가스터디교육,KOSDAQ,일반 교습 학원
217320.KS,217320,썬테크,KOSPI,"전동기, 발전기 및 전기 변환 · 공급 · 제어 장치 제조업"
217320.KS,217320,썬테크,KOSPI,"전동기, 발전기 및 전기 변환 · 공급 · 제어 장치 제조업"
215090.KQ,215090,솔디펜스,KOSDAQ,"측정, 시험, 항해, 제어 및 기타 정밀기기 제조업; 광학기기 제외"
215100.KQ,215100,로보로보,KOSDAQ,기타 전기장비 제조업
214680.KQ,214680,디알텍,KOSDAQ,의료용 기기 제조업
195990.KQ,195990,루트K,KOSDAQ,특수 목적용 기계 제조업
215000.KQ,215000,골프존,KOSDAQ,소프트웨어 개발 및 공급업
214150.KQ,214150,클래시스,KOSDAQ,의료용 기기 제조업
214270.KQ,214270,FSN,KOSDAQ,소프트웨어 개발 및 공급업
145210.KS,145210,다이나믹디자인,KOSPI,특수 목적용 기계 제조업
145210.KS,145210,다이나믹디자인,KOSPI,특수 목적용 기계 제조업
189690.KQ,189690,포시에스,KOSDAQ,소프트웨어 개발 및 공급업
213420.KQ,213420,덕산네오룩스,KOSDAQ,전자부품 제조업
213500.KS,213500,한솔제지,KOSPI,"펄프, 종이 및 판지 제조업"
210540.KS,210540,디와이파워,KOSPI,특수 목적용 기계 제조업
060480.KQ,060480,국일신동,KOSDAQ,1차 비철금속 제조업
193250.KQ,193250,링크드,KOSDAQ,전자부품 제조업
206640.KQ,206640,바디텍메드,KOSDAQ,의료용품 및 기타 의약 관련제품 제조업
208640.KQ,208640,썸에이지,KOSDAQ,소프트웨어 개발 및 공급업
200470.KQ,200470,에이팩트,KOSDAQ,반도체 제조업
200670.KQ,200670,휴메딕스,KOSDAQ,의약품 제조업
189860.KQ,189860,서전기전,KOSDAQ,"전동기, 발전기 및 전기 변환 · 공급 · 제어 장치 제조업"
067390.KQ,067390,아스트,KOSDAQ,"항공기,우주선 및 부품 제조업"
080580.KQ,080580,오킨스전자,KOSDAQ,전자부품 제조업
208350.KQ,208350,지란지교시큐리티,KOSDAQ,소프트웨어 개발 및 공급업
208710.KQ,208710,포톤,KOSDAQ,전자부품 제조업
160550.KQ,160550,NEW,KOSDAQ,"영화, 비디오물, 방송프로그램 제작 및 배급업"
124500.KQ,124500,아이티센글로벌,KOSDAQ,"컴퓨터 프로그래밍, 시스템 통합 및 관리업"
208890.KS,208890,미래엔에듀파트너,KOSPI,교육지원 서비스업
028260.KS,028260,삼성물산,KOSPI,기타 전문 도매업
142280.KQ,142280,녹십자엠에스,KOSDAQ,의료용품 및 기타 의약 관련제품 제조업
187220.KQ,187220,디티앤씨,KOSDAQ,기타 과학기술 서비스업
208370.KQ,208370,셀바스헬스케어,KOSDAQ,의료용 기기 제조업
208140.KQ,208140,정다운,KOSDAQ,"도축, 육류 가공 및 저장 처리업"
208140.KQ,208140,정다운,KOSDAQ,"도축, 육류 가공 및 저장 처리업"
149980.KQ,149980,하이로닉,KOSDAQ,의료용 기기 제조업
084650.KQ,084650,랩지노믹스,KOSDAQ,자연과학 및 공학 연구개발업
200710.KQ,200710,에이디테크놀로지,KOSDAQ,반도체 제조업
200780.KQ,200780,비씨월드제약,KOSDAQ,의약품 제조업
207760.KQ,207760,미스터블루,KOSDAQ,기타 정보 서비스업
196170.KQ,196170,알테오젠,KOSDAQ,자연과학 및 공학 연구개발업
206400.KQ,206400,베노티앤알,KOSDAQ,실내건축 및 건축마무리 공사업
140520.KQ,140520,대창스틸,KOSDAQ,1차 철강 제조업
173940.KQ,173940,에프엔씨엔터,KOSDAQ,창작 및 예술관련 서비스업
205470.KQ,205470,휴마시스,KOSDAQ,의료용품 및 기타 의약 관련제품 제조업
112610.KS,112610,씨에스윈드,KOSPI,"구조용 금속제품, 탱크 및 증기발생기 제조업"
200230.KQ,200230,텔콘RF제약,KOSDAQ,의약품 제조업
204840.KQ,204840,지엘팜텍,KOSDAQ,생활용품 도매업
204620.KQ,204620,글로벌텍스프리,KOSDAQ,금융 지원 서비스업
196490.KQ,196490,디에이테크놀로지,KOSDAQ,특수 목적용 기계 제조업
018260.KS,018260,삼성에스디에스,KOSPI,"컴퓨터 프로그래밍, 시스템 통합 및 관리업"
149010.KS,149010,아이케이세미콘,KOSPI,반도체 제조업
205500.KQ,205500,넥써쓰,KOSDAQ,소프트웨어 개발 및 공급업
205100.KQ,205100,엑셈,KOSDAQ,소프트웨어 개발 및 공급업
191420.KQ,191420,테고사이언스,KOSDAQ,기초 의약물질 제조업
192440.KQ,192440,슈피겐코리아,KOSDAQ,그외 기타 제품 제조업
143540.KQ,143540,영우디에스피,KOSDAQ,특수 목적용 기계 제조업
121060.KS,121060,유니포인트,KOSPI,"컴퓨터 프로그래밍, 시스템 통합 및 관리업"
203650.KQ,203650,드림시큐리티,KOSDAQ,소프트웨어 개발 및 공급업
041920.KQ,041920,메디아나,KOSDAQ,의료용 기기 제조업
204320.KS,204320,HL만도,KOSPI,자동차 신품 부품 제조업
194480.KQ,194480,데브시스터즈,KOSDAQ,소프트웨어 개발 및 공급업
192410.KQ,192410,오늘이엔엠,KOSDAQ,통신 및 방송 장비 제조업
198440.KQ,198440,강동씨앤엘,KOSDAQ,"시멘트, 석회, 플라스터 및 그 제품 제조업"
198440.KQ,198440,강동씨앤엘,KOSDAQ,"시멘트, 석회, 플라스터 및 그 제품 제조업"
202960.KS,202960,판도라티비,KOSPI,소프트웨어 개발 및 공급업
200880.KS,200880,서연이화,KOSPI,자동차 신품 부품 제조업
187270.KQ,187270,신화콘텍,KOSDAQ,"전동기, 발전기 및 전기 변환 · 공급 · 제어 장치 제조업"
192400.KS,192400,쿠쿠홀딩스,KOSPI,기타 금융업
177830.KQ,177830,파버나인,KOSDAQ,전자부품 제조업
090410.KQ,090410,덕신이피씨,KOSDAQ,"구조용 금속제품, 탱크 및 증기발생기 제조업"
004650.KQ,004650,창해에탄올,KOSDAQ,알코올음료 제조업
192390.KQ,192390,윈하이텍,KOSDAQ,"구조용 금속제품, 탱크 및 증기발생기 제조업"
059120.KQ,059120,아진엑스텍,KOSDAQ,반도체 제조업
200130.KQ,200130,콜마비앤에이치,KOSDAQ,기초 의약물질 제조업
133820.KS,133820,화인베스틸,KOSPI,1차 철강 제조업
105550.KQ,105550,엣지파운드리,KOSDAQ,전자부품 제조업
136660.KS,136660,큐엠씨,KOSPI,특수 목적용 기계 제조업
199150.KS,199150,데이터스트림즈,KOSPI,소프트웨어 개발 및 공급업
196450.KQ,196450,코아시아씨엠,KOSDAQ,사진장비 및 광학기기 제조업
071850.KQ,071850,캐스텍코리아,KOSDAQ,자동차 신품 부품 제조업
027410.KS,027410,BGF,KOSPI,기타 금융업
187790.KQ,187790,나노,KOSDAQ,기초 화학물질 제조업
192250.KQ,192250,케이사인,KOSDAQ,소프트웨어 개발 및 공급업
192820.KS,192820,코스맥스,KOSPI,기타 화학제품 제조업
138080.KQ,138080,오이솔루션,KOSDAQ,통신 및 방송 장비 제조업
138080.KQ,138080,오이솔루션,KOSDAQ,통신 및 방송 장비 제조업
053300.KQ,053300,한국정보인증,KOSDAQ,소프트웨어 개발 및 공급업
154040.KQ,154040,다산솔루에타,KOSDAQ,전자부품 제조업
090850.KQ,090850,현대이지웰,KOSDAQ,소프트웨어 개발 및 공급업
140660.KS,140660,위월드,KOSPI,통신 및 방송 장비 제조업
189350.KS,189350,코셋,KOSPI,통신 및 방송 장비 제조업
189350.KS,189350,코셋,KOSPI,통신 및 방송 장비 제조업
184230.KQ,184230,SGA솔루션즈,KOSDAQ,소프트웨어 개발 및 공급업
178600.KS,178600,대동고려삼,KOSPI,기타 식품 제조업
049080.KQ,049080,기가레인,KOSDAQ,전자부품 제조업
085810.KQ,085810,알티캐스트,KOSDAQ,소프트웨어 개발 및 공급업
185750.KS,185750,종근당,KOSPI,의약품 제조업
170030.KQ,170030,현대공업,KOSDAQ,자동차 신품 부품 제조업
067570.KQ,067570,엔브이에이치코리아,KOSDAQ,자동차 신품 부품 제조업
134580.KQ,134580,탑코미디어,KOSDAQ,"자료처리, 호스팅, 포털 및 기타 인터넷 정보매개 서비스업"
006880.KS,006880,신송홀딩스,KOSPI,산업용 농·축산물 및 동·식물 도매업
182360.KQ,182360,큐브엔터,KOSDAQ,오디오물 출판 및 원판 녹음업
171120.KQ,171120,라이온켐텍,KOSDAQ,기타 화학제품 제조업
171010.KQ,171010,램테크놀러지,KOSDAQ,기초 화학물질 제조업
138360.KQ,138360,앤로보틱스,KOSDAQ,특수 목적용 기계 제조업
183190.KS,183190,아세아시멘트,KOSPI,"시멘트, 석회, 플라스터 및 그 제품 제조업"
076610.KQ,076610,해성옵틱스,KOSDAQ,사진장비 및 광학기기 제조업
168330.KQ,168330,내츄럴엔도텍,KOSDAQ,자연과학 및 공학 연구개발업
064350.KS,064350,현대로템,KOSPI,그외 기타 운송장비 제조업
185190.KS,185190,수프로,KOSPI,산업용 농·축산물 및 동·식물 도매업
131970.KQ,131970,두산테스나,KOSDAQ,"그외 기타 전문, 과학 및 기술 서비스업"
150900.KQ,150900,파수AI,KOSDAQ,소프트웨어 개발 및 공급업
170920.KQ,170920,엘티씨,KOSDAQ,기초 화학물질 제조업
119850.KQ,119850,지엔씨에너지,KOSDAQ,"전동기, 발전기 및 전기 변환 · 공급 · 제어 장치 제조업"
180640.KS,180640,한진칼,KOSPI,기타 금융업
092040.KQ,092040,아미코젠,KOSDAQ,기타 식품 제조업
181710.KS,181710,NHN,KOSPI,소프트웨어 개발 및 공급업
130500.KQ,130500,GH신소재,KOSDAQ,기타 섬유제품 제조업
170790.KQ,170790,파이오링크,KOSDAQ,통신 및 방송 장비 제조업
151860.KQ,151860,KG에코솔루션,KOSDAQ,자동차 차체나 트레일러 제조업
175330.KS,175330,JB금융지주,KOSPI,기타 금융업
089600.KQ,089600,KT나스미디어,KOSDAQ,광고업
114920.KS,114920,대주이엔티,KOSPI,1차 철강 제조업
179720.KS,179720,머니무브,KOSPI,기타 금융업
116100.KS,116100,태양기계,KOSPI,자동차 신품 부품 제조업
950130.KQ,950130,엑세스바이오,KOSDAQ,의료용품 및 기타 의약 관련제품 제조업
155660.KS,155660,DSR,KOSPI,1차 비철금속 제조업
141080.KQ,141080,리가켐바이오,KOSDAQ,자연과학 및 공학 연구개발업
170900.KS,170900,동아에스티,KOSPI,의약품 제조업
097800.KQ,097800,윈팩,KOSDAQ,반도체 제조업
104540.KQ,104540,코렌텍,KOSDAQ,의료용 기기 제조업
159580.KQ,159580,제로투세븐,KOSDAQ,생활용품 도매업
114810.KQ,114810,한솔아이원스,KOSDAQ,특수 목적용 기계 제조업
153490.KQ,153490,우리이앤엘하루틴,KOSDAQ,반도체 제조업
099190.KQ,099190,아이센스,KOSDAQ,의료용 기기 제조업
159910.KQ,159910,에코글로우,KOSDAQ,기타 화학제품 제조업
046970.KQ,046970,우리로,KOSDAQ,기타 전문 도매업
046970.KQ,046970,우리로,KOSDAQ,기타 전문 도매업
113810.KQ,113810,디젠스,KOSDAQ,자동차 신품 부품 제조업
013870.KS,013870,지엠비코리아,KOSPI,자동차 신품 부품 제조업
155650.KQ,155650,와이엠씨,KOSDAQ,전자부품 제조업
037560.KS,037560,LG헬로비전,KOSPI,텔레비전 방송업
149950.KQ,149950,아바텍,KOSDAQ,전자부품 제조업
163560.KS,163560,동일고무벨트,KOSPI,고무제품 제조업
161890.KS,161890,한국콜마,KOSPI,기타 화학제품 제조업
161390.KS,161390,한국타이어앤테크놀로지,KOSPI,고무제품 제조업
121850.KQ,121850,코이즈,KOSDAQ,플라스틱제품 제조업
161000.KS,161000,애경케미칼,KOSPI,기초 화학물질 제조업
153460.KQ,153460,네이블,KOSDAQ,소프트웨어 개발 및 공급업
137400.KQ,137400,피엔티,KOSDAQ,특수 목적용 기계 제조업
014710.KS,014710,사조씨푸드,KOSPI,수산물 가공 및 저장 처리업
141000.KQ,141000,비아트론,KOSDAQ,특수 목적용 기계 제조업
072950.KQ,072950,빛샘전자,KOSDAQ,전자부품 제조업
079980.KS,079980,휴비스,KOSPI,화학섬유 제조업
143240.KQ,143240,사람인,KOSDAQ,"자료처리, 호스팅, 포털 및 기타 인터넷 정보매개 서비스업"
147830.KQ,147830,제룡산업,KOSDAQ,"구조용 금속제품, 탱크 및 증기발생기 제조업"
091590.KQ,091590,남화토건,KOSDAQ,건물 건설업
091590.KQ,091590,남화토건,KOSDAQ,건물 건설업
145270.KS,145270,케이탑리츠,KOSPI,부동산 임대 및 공급업
140410.KQ,140410,메지온,KOSDAQ,자연과학 및 공학 연구개발업
104830.KQ,104830,원익머트리얼즈,KOSDAQ,기초 화학물질 제조업
127120.KQ,127120,제이에스링크,KOSDAQ,자연과학 및 공학 연구개발업
007070.KS,007070,GS리테일,KOSPI,종합 소매업
130580.KQ,130580,나이스디앤비,KOSDAQ,기타 사업지원 서비스업
131090.KQ,131090,시큐브,KOSDAQ,소프트웨어 개발 및 공급업
100660.KQ,100660,서암기계공업,KOSDAQ,일반 목적용 기계 제조업
100660.KQ,100660,서암기계공업,KOSDAQ,일반 목적용 기계 제조업
129260.KS,129260,인터지스,KOSPI,도로 화물 운송업
115480.KQ,115480,씨유메디칼,KOSDAQ,의료용 기기 제조업
145990.KS,145990,삼양사,KOSPI,기타 식품 제조업
139670.KQ,139670,키네마스터,KOSDAQ,소프트웨어 개발 및 공급업
121800.KQ,121800,비덴트,KOSDAQ,통신 및 방송 장비 제조업
138070.KQ,138070,신진에스엠,KOSDAQ,기타 금속 가공제품 제조업
123570.KQ,123570,이엠넷,KOSDAQ,광고업
122870.KQ,122870,와이지엔터테인먼트,KOSDAQ,오디오물 출판 및 원판 녹음업
089030.KQ,089030,테크윙,KOSDAQ,특수 목적용 기계 제조업
101240.KQ,101240,씨큐브,KOSDAQ,기초 화학물질 제조업
007820.KQ,007820,엠엑스로보틱스,KOSDAQ,일반 목적용 기계 제조업
115530.KQ,115530,씨엔플러스,KOSDAQ,전자부품 제조업
039130.KS,039130,하나투어,KOSPI,여행사 및 기타 여행보조 서비스업
090360.KQ,090360,로보스타,KOSDAQ,특수 목적용 기계 제조업
131220.KQ,131220,대한과학,KOSDAQ,기계장비 및 관련 물품 도매업
143160.KQ,143160,아이디스,KOSDAQ,통신 및 방송 장비 제조업
078520.KS,078520,에이블씨엔씨,KOSPI,기타 화학제품 제조업
137950.KQ,137950,제이씨케미칼,KOSDAQ,기타 화학제품 제조업
040910.KQ,040910,아이씨디,KOSDAQ,특수 목적용 기계 제조업
123330.KQ,123330,제닉,KOSDAQ,기타 화학제품 제조업
023000.KS,023000,삼원강재,KOSPI,자동차 신품 부품 제조업
089980.KQ,089980,상아프론테크,KOSDAQ,플라스틱제품 제조업
031430.KS,031430,신세계인터내셔날,KOSPI,"섬유, 의복, 신발 및 가죽제품 소매업"
138610.KQ,138610,나이벡,KOSDAQ,의료용품 및 기타 의약 관련제품 제조업
109080.KQ,109080,옵티시스,KOSDAQ,통신 및 방송 장비 제조업
108380.KQ,108380,대양전기공업,KOSDAQ,선박 및 보트 건조업
047810.KS,047810,한국항공우주,KOSPI,"항공기,우주선 및 부품 제조업"
071840.KS,071840,롯데하이마트,KOSPI,가전제품 및 정보통신장비 소매업
019770.KQ,019770,서연탑메탈,KOSDAQ,특수 목적용 기계 제조업
069640.KS,069640,한세엠케이,KOSPI,"섬유, 의복, 신발 및 가죽제품 소매업"
137940.KQ,137940,넥스트아이,KOSDAQ,"측정, 시험, 항해, 제어 및 기타 정밀기기 제조업; 광학기기 제외"
131100.KQ,131100,티엔엔터테인먼트,KOSDAQ,"영화, 비디오물, 방송프로그램 제작 및 배급업"
139480.KS,139480,이마트,KOSPI,종합 소매업
139130.KS,139130,iM금융지주,KOSPI,기타 금융업
053210.KS,053210,케이티스카이라이프,KOSPI,텔레비전 방송업
122450.KQ,122450,KX,KOSDAQ,텔레비전 방송업
121440.KQ,121440,골프존홀딩스,KOSDAQ,상품 중개업
138040.KS,138040,메리츠금융지주,KOSPI,기타 금융업
136540.KQ,136540,윈스테크넷,KOSDAQ,"컴퓨터 프로그래밍, 시스템 통합 및 관리업"
136480.KQ,136480,하림,KOSDAQ,"도축, 육류 가공 및 저장 처리업"
023350.KS,023350,한국종합기술,KOSPI,"건축기술, 엔지니어링 및 관련 기술 서비스업"
134060.KQ,134060,이퓨쳐,KOSDAQ,"서적, 잡지 및 기타 인쇄물 출판업"
104480.KQ,104480,티케이케미칼,KOSDAQ,화학섬유 제조업
138930.KS,138930,BNK금융지주,KOSPI,기타 금융업
020150.KS,020150,롯데에너지머티리얼즈,KOSPI,전자부품 제조업
008470.KQ,008470,부스타,KOSDAQ,"구조용 금속제품, 탱크 및 증기발생기 제조업"
011210.KS,011210,현대위아,KOSPI,자동차 신품 부품 제조업
136490.KS,136490,선진,KOSPI,동물용 사료 및 조제식품 제조업
134380.KS,134380,미원화학,KOSPI,기타 화학제품 제조업
121600.KQ,121600,나노신소재,KOSDAQ,기타 화학제품 제조업
093320.KQ,093320,케이아이엔엑스,KOSDAQ,"자료처리, 호스팅, 포털 및 기타 인터넷 정보매개 서비스업"
130740.KQ,130740,티피씨글로벌,KOSDAQ,자동차 신품 부품 제조업
061970.KQ,061970,LB세미콘,KOSDAQ,반도체 제조업
131180.KQ,131180,딜리,KOSDAQ,컴퓨터 및 주변장치 제조업
126880.KQ,126880,제이엔케이글로벌,KOSDAQ,일반 목적용 기계 제조업
033560.KQ,033560,블루콤,KOSDAQ,영상 및 음향기기 제조업
048530.KQ,048530,인트론바이오,KOSDAQ,기초 의약물질 제조업
134790.KS,134790,시디즈,KOSPI,가구 제조업
131370.KQ,131370,알서포트,KOSDAQ,소프트웨어 개발 및 공급업
064290.KQ,064290,인텍플러스,KOSDAQ,특수 목적용 기계 제조업
131290.KQ,131290,티에스이,KOSDAQ,"측정, 시험, 항해, 제어 및 기타 정밀기기 제조업; 광학기기 제외"
082740.KS,082740,한화엔진,KOSPI,일반 목적용 기계 제조업
131400.KQ,131400,이브이첨단소재,KOSDAQ,전자부품 제조업
117580.KS,117580,대성에너지,KOSPI,연료용 가스 제조 및 배관공급업
126560.KS,126560,현대퓨처넷,KOSPI,전기 통신업
120240.KQ,120240,대정화금,KOSDAQ,기초 화학물질 제조업
058860.KS,058860,KTis,KOSPI,기타 정보 서비스업
130660.KS,130660,한전산업,KOSPI,"건축기술, 엔지니어링 및 관련 기술 서비스업"
128660.KQ,128660,피제이메탈,KOSDAQ,1차 비철금속 제조업
131030.KQ,131030,옵투스제약,KOSDAQ,의약품 제조업
096690.KQ,096690,에이루트,KOSDAQ,컴퓨터 및 주변장치 제조업
900140.KS,900140,엘브이엠씨,KOSPI,자동차 판매업
033830.KQ,033830,티비씨,KOSDAQ,텔레비전 방송업
033170.KQ,033170,시그네틱스,KOSDAQ,반도체 제조업
041460.KQ,041460,한국전자인증,KOSDAQ,소프트웨어 개발 및 공급업
126600.KQ,126600,BGF에코머티리얼즈,KOSDAQ,합성고무 및 플라스틱 물질 제조업
105740.KQ,105740,디케이락,KOSDAQ,일반 목적용 기계 제조업
123420.KQ,123420,위메이드플레이,KOSDAQ,소프트웨어 개발 및 공급업
123860.KQ,123860,아나패스,KOSDAQ,반도체 제조업
058400.KQ,058400,KNN,KOSDAQ,텔레비전 방송업
069140.KQ,069140,누리플랜,KOSDAQ,"구조용 금속제품, 탱크 및 증기발생기 제조업"
119830.KQ,119830,아이텍,KOSDAQ,"그외 기타 전문, 과학 및 기술 서비스업"
101930.KQ,101930,인화정공,KOSDAQ,선박 및 보트 건조업
068940.KQ,068940,셀피글로벌,KOSDAQ,전자부품 제조업
123840.KQ,123840,뉴온,KOSDAQ,기타 식품 제조업
081660.KS,081660,미스토홀딩스,KOSPI,생활용품 도매업
117670.KQ,117670,알파칩스,KOSDAQ,반도체 제조업
119500.KQ,119500,포메탈,KOSDAQ,기타 금속 가공제품 제조업
058850.KS,058850,KTcs,KOSPI,기타 정보 서비스업
068240.KQ,068240,다원시스,KOSDAQ,"전동기, 발전기 및 전기 변환 · 공급 · 제어 장치 제조업"
096530.KQ,096530,씨젠,KOSDAQ,의료용품 및 기타 의약 관련제품 제조업
122990.KQ,122990,와이솔,KOSDAQ,전자부품 제조업
126700.KQ,126700,하이비젼시스템,KOSDAQ,사진장비 및 광학기기 제조업
126640.KQ,126640,화신정공,KOSDAQ,자동차 신품 부품 제조업
123410.KQ,123410,코리아에프티,KOSDAQ,자동차 신품 부품 제조업
002150.KS,002150,도화엔지니어링,KOSPI,"건축기술, 엔지니어링 및 관련 기술 서비스업"
123040.KQ,123040,엠에스오토텍,KOSDAQ,자동차 신품 부품 제조업
067920.KQ,067920,이글루,KOSDAQ,기타 정보 서비스업
128820.KS,128820,대성산업,KOSPI,연료 소매업
122900.KS,122900,아이마켓코리아,KOSPI,상품 종합 도매업
128940.KS,128940,한미약품,KOSPI,의약품 제조업
119610.KQ,119610,인터로조,KOSDAQ,의료용 기기 제조업
106190.KQ,106190,하이텍팜,KOSDAQ,기초 의약물질 제조업
105840.KS,105840,우진,KOSPI,"측정, 시험, 항해, 제어 및 기타 정밀기기 제조업; 광학기기 제외"
033920.KS,033920,무학,KOSPI,알코올음료 제조업
121890.KQ,121890,에스디시스템,KOSDAQ,전자부품 제조업
123750.KQ,123750,알톤,KOSDAQ,그외 기타 운송장비 제조업
089850.KQ,089850,유비벨록스,KOSDAQ,소프트웨어 개발 및 공급업
046120.KQ,046120,오르비텍,KOSDAQ,기타 과학기술 서비스업
102460.KS,102460,이연제약,KOSPI,의약품 제조업
070300.KQ,070300,엑스큐어,KOSDAQ,소프트웨어 개발 및 공급업
079970.KQ,079970,투비소프트,KOSDAQ,소프트웨어 개발 및 공급업
123690.KS,123690,한국화장품,KOSPI,생활용품 도매업
123700.KS,123700,에스제이엠,KOSPI,자동차 신품 부품 제조업
071200.KQ,071200,인피니트헬스케어,KOSDAQ,소프트웨어 개발 및 공급업
122690.KQ,122690,서진오토모티브,KOSDAQ,자동차 신품 부품 제조업
100030.KQ,100030,인지소프트,KOSDAQ,소프트웨어 개발 및 공급업
060980.KS,060980,HL홀딩스,KOSPI,기타 금융업
032830.KS,032830,삼성생명,KOSPI,보험업
031440.KS,031440,신세계푸드,KOSPI,음식점업
900110.KQ,900110,딥커머스,KOSDAQ,기타 금융업
900100.KQ,900100,파이온엑스,KOSDAQ,자동차 부품 및 내장품 판매업
115500.KQ,115500,케이씨에스,KOSDAQ,"컴퓨터 프로그래밍, 시스템 통합 및 관리업"
900120.KQ,900120,씨엑스아이,KOSDAQ,기타 금융업
115450.KQ,115450,HLB테라퓨틱스,KOSDAQ,기타 전문 도매업
122350.KQ,122350,삼기,KOSDAQ,자동차 신품 부품 제조업
088350.KS,088350,한화생명,KOSPI,보험업
115610.KQ,115610,이미지스,KOSDAQ,반도체 제조업
120030.KS,120030,조선선재,KOSPI,기타 금속 가공제품 제조업
115310.KQ,115310,인포바인,KOSDAQ,전기 통신업
106080.KQ,106080,케이이엠텍,KOSDAQ,전자부품 제조업
101330.KQ,101330,모베이스,KOSDAQ,통신 및 방송 장비 제조업
120110.KS,120110,코오롱인더,KOSPI,화학섬유 제조업
119650.KS,119650,KC코트렐,KOSPI,일반 목적용 기계 제조업
071320.KS,071320,지역난방공사,KOSPI,"증기, 냉·온수 및 공기조절 공급업"
115570.KQ,115570,스타플렉스,KOSDAQ,플라스틱제품 제조업
115440.KQ,115440,우리넷,KOSDAQ,통신 및 방송 장비 제조업
050860.KQ,050860,아세아텍,KOSDAQ,특수 목적용 기계 제조업
012160.KS,012160,영흥,KOSPI,1차 철강 제조업
114630.KQ,114630,폴라리스우노,KOSDAQ,화학섬유 제조업
080530.KQ,080530,코디,KOSDAQ,기타 화학제품 제조업
118000.KS,118000,메타케어,KOSPI,기계장비 및 관련 물품 도매업
900070.KQ,900070,글로벌에스엠,KOSDAQ,기타 금융업
099520.KQ,099520,DGI,KOSDAQ,영상 및 음향기기 제조업
114450.KQ,114450,그린생명과학,KOSDAQ,기초 의약물질 제조업
114450.KQ,114450,그린생명과학,KOSDAQ,기초 의약물질 제조업
104460.KQ,104460,디와이피엔에프,KOSDAQ,일반 목적용 기계 제조업
112040.KQ,112040,위메이드,KOSDAQ,소프트웨어 개발 및 공급업
052690.KS,052690,한전기술,KOSPI,"건축기술, 엔지니어링 및 관련 기술 서비스업"
108860.KQ,108860,셀바스AI,KOSDAQ,소프트웨어 개발 및 공급업
088290.KQ,088290,이원컴포텍,KOSDAQ,자동차 신품 부품 제조업
114190.KQ,114190,강원에너지,KOSDAQ,기타 전기장비 제조업
114090.KS,114090,GKL,KOSPI,유원지 및 기타 오락관련 서비스업
115160.KQ,115160,휴맥스,KOSDAQ,기계장비 및 관련 물품 도매업
109960.KQ,109960,앱토크롬,KOSDAQ,기타 전문 도매업
034730.KS,034730,SK,KOSPI,기타 금융업
099410.KQ,099410,동방선기,KOSDAQ,선박 및 보트 건조업
101000.KQ,101000,KS인더스트리,KOSDAQ,특수 목적용 기계 제조업
109820.KQ,109820,진매트릭스,KOSDAQ,자연과학 및 공학 연구개발업
032560.KS,032560,황금에스티,KOSPI,1차 비철금속 제조업
082920.KQ,082920,비츠로셀,KOSDAQ,일차전지 및 이차전지 제조업
000080.KS,000080,하이트진로,KOSPI,알코올음료 제조업
042520.KQ,042520,한스바이오메드,KOSDAQ,의료용품 및 기타 의약 관련제품 제조업
082640.KS,082640,동양생명,KOSPI,보험업
104200.KQ,104200,NHN벅스,KOSDAQ,기타 정보 서비스업
052860.KQ,052860,아이앤씨,KOSDAQ,반도체 제조업
047400.KS,047400,유니온머티리얼,KOSPI,"내화, 비내화 요업제품 제조업"
105330.KQ,105330,케이엔더블유,KOSDAQ,자동차 신품 부품 제조업
093240.KS,093240,형지엘리트,KOSPI,봉제의복 제조업
109740.KQ,109740,디에스케이,KOSDAQ,특수 목적용 기계 제조업
095700.KQ,095700,제넥신,KOSDAQ,자연과학 및 공학 연구개발업
108230.KQ,108230,톱텍,KOSDAQ,특수 목적용 기계 제조업
100130.KQ,100130,동국S&C,KOSDAQ,"구조용 금속제품, 탱크 및 증기발생기 제조업"
103230.KQ,103230,에스앤더블류,KOSDAQ,일반 목적용 기계 제조업
039490.KS,039490,키움증권,KOSPI,금융 지원 서비스업
111770.KS,111770,영원무역,KOSPI,상품 종합 도매업
063080.KQ,063080,컴투스홀딩스,KOSDAQ,소프트웨어 개발 및 공급업
109860.KQ,109860,동일금속,KOSDAQ,금속 주조업
053690.KS,053690,한미글로벌,KOSPI,"건축기술, 엔지니어링 및 관련 기술 서비스업"
028100.KS,028100,동아지질,KOSPI,기반조성 및 시설물 축조관련 전문공사업
102120.KQ,102120,어보브반도체,KOSDAQ,반도체 제조업
101730.KQ,101730,위메이드맥스,KOSDAQ,소프트웨어 개발 및 공급업
102710.KQ,102710,이엔에프테크놀로지,KOSDAQ,기타 화학제품 제조업
099440.KQ,099440,스맥,KOSDAQ,특수 목적용 기계 제조업
099220.KQ,099220,SDN,KOSDAQ,기계장비 및 관련 물품 도매업
101680.KQ,101680,한국정밀기계,KOSDAQ,특수 목적용 기계 제조업
071970.KS,071970,HD현대마린엔진,KOSPI,일반 목적용 기계 제조업
010240.KQ,010240,흥국,KOSDAQ,특수 목적용 기계 제조업
101170.KQ,101170,우림피티에스,KOSDAQ,일반 목적용 기계 제조업
081150.KQ,081150,티플랙스,KOSDAQ,1차 비철금속 제조업
108670.KS,108670,LX하우시스,KOSPI,플라스틱제품 제조업
098660.KQ,098660,에스티오,KOSDAQ,봉제의복 제조업
071670.KQ,071670,에이테크솔루션,KOSDAQ,특수 목적용 기계 제조업
101490.KQ,101490,에스앤에스텍,KOSDAQ,전자부품 제조업
100120.KQ,100120,뷰웍스,KOSDAQ,의료용 기기 제조업
102940.KQ,102940,코오롱생명과학,KOSDAQ,기초 의약물질 제조업
101400.KQ,101400,엔시트론,KOSDAQ,반도체 제조업
105630.KS,105630,한세실업,KOSPI,봉제의복 제조업
109070.KS,109070,주성코퍼레이션,KOSPI,통신 및 방송 장비 제조업
106240.KQ,106240,파인테크닉스,KOSDAQ,전구 및 조명장치 제조업
107590.KS,107590,미원홀딩스,KOSPI,기타 금융업
086890.KQ,086890,이수앱지스,KOSDAQ,의료용품 및 기타 의약 관련제품 제조업
104040.KQ,104040,디에스엠,KOSDAQ,자동차 신품 부품 제조업
078070.KQ,078070,유비쿼스홀딩스,KOSDAQ,기타 금융업
086900.KQ,086900,메디톡스,KOSDAQ,기초 의약물질 제조업
058630.KQ,058630,엠게임,KOSDAQ,소프트웨어 개발 및 공급업
059100.KQ,059100,아이컴포넌트,KOSDAQ,전자부품 제조업
035420.KS,035420,NAVER,KOSPI,"자료처리, 호스팅, 포털 및 기타 인터넷 정보매개 서비스업"
067630.KQ,067630,HLB생명과학,KOSDAQ,의료용품 및 기타 의약 관련제품 제조업
092130.KQ,092130,이크레더블,KOSDAQ,기타 정보 서비스업
026940.KS,026940,부국철강,KOSPI,1차 철강 제조업
026940.KS,026940,부국철강,KOSPI,1차 철강 제조업
105560.KS,105560,KB금융,KOSPI,기타 금융업
100700.KQ,100700,세운메디칼,KOSDAQ,의료용품 및 기타 의약 관련제품 제조업
104700.KS,104700,한국철강,KOSPI,1차 철강 제조업
098120.KQ,098120,마이크로컨텍솔,KOSDAQ,전자부품 제조업
083470.KQ,083470,이엠앤아이,KOSDAQ,기초 화학물질 제조업
103590.KS,103590,일진전기,KOSPI,절연선 및 케이블 제조업
103140.KS,103140,풍산,KOSPI,1차 비철금속 제조업
011070.KS,011070,LG이노텍,KOSPI,전자부품 제조업
076080.KQ,076080,웰크론한텍,KOSDAQ,건물 건설업
101670.KQ,101670,하이드로리튬,KOSDAQ,"구조용 금속제품, 탱크 및 증기발생기 제조업"
094840.KQ,094840,슈프리마에이치큐,KOSDAQ,통신 및 방송 장비 제조업
017180.KS,017180,명문제약,KOSPI,의약품 제조업
063170.KQ,063170,서울옥션,KOSDAQ,상품 중개업
047560.KQ,047560,이스트소프트,KOSDAQ,소프트웨어 개발 및 공급업
100220.KS,100220,비상교육,KOSPI,"서적, 잡지 및 기타 인쇄물 출판업"
096240.KQ,096240,크레버스,KOSDAQ,일반 교습 학원
102260.KS,102260,동성케미컬,KOSPI,합성고무 및 플라스틱 물질 제조업
101160.KQ,101160,월덱스,KOSDAQ,전자부품 제조업
099320.KQ,099320,쎄트렉아이,KOSDAQ,"항공기,우주선 및 부품 제조업"
064480.KQ,064480,브리지텍,KOSDAQ,소프트웨어 개발 및 공급업
098460.KQ,098460,고영,KOSDAQ,특수 목적용 기계 제조업
067000.KQ,067000,조이시티,KOSDAQ,소프트웨어 개발 및 공급업
018620.KQ,018620,우진비앤지,KOSDAQ,의약품 제조업
095610.KQ,095610,테스,KOSDAQ,특수 목적용 기계 제조업
053280.KQ,053280,예스24,KOSDAQ,무점포 소매업
096870.KQ,096870,엘디티,KOSDAQ,반도체 제조업
032640.KS,032640,LG유플러스,KOSPI,전기 통신업
059210.KQ,059210,메타바이오메드,KOSDAQ,의료용품 및 기타 의약 관련제품 제조업
097870.KQ,097870,효성오앤비,KOSDAQ,"비료, 농약 및 살균, 살충제 제조업"
101140.KS,101140,인바이오젠,KOSPI,기계장비 및 관련 물품 도매업
020560.KS,020560,아시아나항공,KOSPI,항공 여객 운송업
100840.KS,100840,SNT에너지,KOSPI,일반 목적용 기계 제조업
100250.KS,100250,진양홀딩스,KOSPI,플라스틱제품 제조업
091440.KQ,091440,한울소재과학,KOSDAQ,통신 및 방송 장비 제조업
085310.KS,085310,엔케이,KOSPI,"구조용 금속제품, 탱크 및 증기발생기 제조업"
097780.KQ,097780,에코볼트,KOSDAQ,자동차 신품 부품 제조업
096630.KQ,096630,에스코넥,KOSDAQ,통신 및 방송 장비 제조업
068330.KQ,068330,일신바이오,KOSDAQ,일반 목적용 기계 제조업
093920.KQ,093920,서원인텍,KOSDAQ,통신 및 방송 장비 제조업
067010.KQ,067010,이씨에스,KOSDAQ,"컴퓨터 프로그래밍, 시스템 통합 및 관리업"
096350.KQ,096350,대창솔루션,KOSDAQ,"구조용 금속제품, 탱크 및 증기발생기 제조업"
051600.KS,051600,한전KPS,KOSPI,전기 및 통신 공사업
051600.KS,051600,한전KPS,KOSPI,전기 및 통신 공사업
069920.KQ,069920,엑시온그룹,KOSDAQ,무점포 소매업
096610.KQ,096610,알에프세미,KOSDAQ,반도체 제조업
092070.KQ,092070,디엔에프,KOSDAQ,기타 화학제품 제조업
094820.KQ,094820,일진파워,KOSDAQ,전기 및 통신 공사업
086670.KQ,086670,비엠티,KOSDAQ,일반 목적용 기계 제조업
092440.KS,092440,기신정기,KOSPI,특수 목적용 기계 제조업
095190.KQ,095190,신화프리텍,KOSDAQ,기타 금속 가공제품 제조업
044450.KS,044450,KSS해운,KOSPI,해상 운송업
094280.KS,094280,효성 ITX,KOSPI,기타 사업지원 서비스업
092300.KQ,092300,현우산업,KOSDAQ,전자부품 제조업
033270.KS,033270,유나이티드,KOSPI,의약품 제조업
093640.KQ,093640,케이알엠,KOSDAQ,반도체 제조업
092200.KS,092200,디아이씨,KOSPI,자동차 신품 부품 제조업
095910.KQ,095910,에스에너지,KOSDAQ,"전동기, 발전기 및 전기 변환 · 공급 · 제어 장치 제조업"
081580.KQ,081580,성우전자,KOSDAQ,통신 및 방송 장비 제조업
073110.KQ,073110,엘엠에스,KOSDAQ,전자부품 제조업
094970.KQ,094970,제이엠티,KOSDAQ,전자부품 제조업
080520.KQ,080520,오디텍,KOSDAQ,반도체 제조업
095340.KQ,095340,ISC,KOSDAQ,기계장비 및 관련 물품 도매업
085910.KQ,085910,네오티스,KOSDAQ,자동차 신품 부품 제조업
095500.KQ,095500,미래나노텍,KOSDAQ,플라스틱제품 제조업
027580.KQ,027580,상보,KOSDAQ,플라스틱제품 제조업
097950.KS,097950,CJ제일제당,KOSPI,기타 식품 제조업
086040.KQ,086040,바이오톡스텍,KOSDAQ,자연과학 및 공학 연구개발업
028670.KS,028670,팬오션,KOSPI,해상 운송업
057540.KQ,057540,옴니시스템,KOSDAQ,"측정, 시험, 항해, 제어 및 기타 정밀기기 제조업; 광학기기 제외"
094940.KQ,094940,푸른로보틱스,KOSDAQ,컴퓨터 및 주변장치 제조업
095270.KQ,095270,웨이브일렉트로,KOSDAQ,"측정, 시험, 항해, 제어 및 기타 정밀기기 제조업; 광학기기 제외"
097230.KS,097230,HJ중공업,KOSPI,토목 건설업
093190.KQ,093190,빅솔론,KOSDAQ,컴퓨터 및 주변장치 제조업
096760.KS,096760,JW홀딩스,KOSPI,기타 금융업
091340.KQ,091340,S&K폴리텍,KOSDAQ,전자부품 제조업
096770.KS,096770,SK이노베이션,KOSPI,석유 정제품 제조업
072770.KQ,072770,멤레이비티,KOSDAQ,"컴퓨터 프로그래밍, 시스템 통합 및 관리업"
094480.KQ,094480,갤럭시아머니트리,KOSDAQ,소프트웨어 개발 및 공급업
086520.KQ,086520,에코프로,KOSDAQ,기타 금융업
065150.KQ,065150,대산F&B,KOSDAQ,음·식료품 및 담배 도매업
078340.KQ,078340,컴투스,KOSDAQ,소프트웨어 개발 및 공급업
095660.KQ,095660,네오위즈,KOSDAQ,소프트웨어 개발 및 공급업
029780.KS,029780,삼성카드,KOSPI,기타 금융업
092600.KQ,092600,앤씨앤,KOSDAQ,반도체 제조업
069410.KQ,069410,엔텔스,KOSDAQ,소프트웨어 개발 및 공급업
001780.KS,001780,알루코,KOSPI,1차 비철금속 제조업
093380.KQ,093380,풍강,KOSDAQ,기타 금속 가공제품 제조업
095720.KS,095720,웅진씽크빅,KOSPI,초등 교육기관
086450.KQ,086450,동국제약,KOSDAQ,의약품 제조업
064820.KQ,064820,케이프,KOSDAQ,선박 및 보트 건조업
091580.KQ,091580,상신이디피,KOSDAQ,일차전지 및 이차전지 제조업
092460.KQ,092460,한라IMS,KOSDAQ,선박 및 보트 건조업
073540.KQ,073540,에프알텍,KOSDAQ,통신 및 방송 장비 제조업
091120.KQ,091120,이엠텍,KOSDAQ,전자부품 제조업
094850.KQ,094850,참좋은여행,KOSDAQ,여행사 및 기타 여행보조 서비스업
094860.KQ,094860,네오리진,KOSDAQ,소프트웨어 개발 및 공급업
094800.KS,094800,맵스리얼티,KOSPI,신탁업 및 집합투자업
078020.KQ,078020,LS증권,KOSDAQ,금융 지원 서비스업
093520.KQ,093520,매커스,KOSDAQ,기계장비 및 관련 물품 도매업
091970.KQ,091970,LSK아이로봇,KOSDAQ,플라스틱제품 제조업
092730.KQ,092730,네오팜,KOSDAQ,기타 화학제품 제조업
039200.KQ,039200,오스코텍,KOSDAQ,의약품 제조업
089010.KQ,089010,켐트로닉스,KOSDAQ,기타 화학제품 제조업
090470.KQ,090470,제이스로보틱스,KOSDAQ,특수 목적용 기계 제조업
088130.KQ,088130,동아엘텍,KOSDAQ,특수 목적용 기계 제조업
090370.KS,090370,메타랩스,KOSPI,봉제의복 제조업
093370.KS,093370,후성,KOSPI,기초 화학물질 제조업
084110.KQ,084110,휴온스글로벌,KOSDAQ,의약품 제조업
089150.KQ,089150,케이씨티,KOSDAQ,"컴퓨터 프로그래밍, 시스템 통합 및 관리업"
091700.KQ,091700,파트론,KOSDAQ,전자부품 제조업
086390.KQ,086390,유니테스트,KOSDAQ,특수 목적용 기계 제조업
090710.KQ,090710,휴림로봇,KOSDAQ,특수 목적용 기계 제조업
093050.KS,093050,LF,KOSPI,봉제의복 제조업
060540.KQ,060540,에스에이티,KOSDAQ,"측정, 시험, 항해, 제어 및 기타 정밀기기 제조업; 광학기기 제외"
066310.KQ,066310,큐에스아이,KOSDAQ,반도체 제조업
067280.KQ,067280,멀티캠퍼스,KOSDAQ,기타 교육기관
044380.KS,044380,주연테크,KOSPI,컴퓨터 및 주변장치 제조업
044820.KS,044820,코스맥스비티아이,KOSPI,기타 금융업
089890.KQ,089890,코세스,KOSDAQ,특수 목적용 기계 제조업
034590.KS,034590,인천도시가스,KOSPI,연료용 가스 제조 및 배관공급업
080470.KQ,080470,성창오토텍,KOSDAQ,자동차 신품 부품 제조업
089140.KQ,089140,넥스턴앤롤코리아,KOSDAQ,특수 목적용 기계 제조업
089790.KQ,089790,제이티,KOSDAQ,특수 목적용 기계 제조업
090150.KQ,090150,아이윈,KOSDAQ,자동차 신품 부품 제조업
088390.KQ,088390,이녹스,KOSDAQ,그외 기타 운송장비 제조업
009770.KS,009770,삼정펄프,KOSPI,"펄프, 종이 및 판지 제조업"
092220.KS,092220,KEC,KOSPI,반도체 제조업
092230.KS,092230,KPX홀딩스,KOSPI,기초 화학물질 제조업
089230.KQ,089230,THE E&M,KOSDAQ,기타 정보 서비스업
043150.KQ,043150,바텍,KOSDAQ,의료용 기기 제조업
086960.KQ,086960,MDS테크,KOSDAQ,소프트웨어 개발 및 공급업
089470.KS,089470,HDC현대EP,KOSPI,기타 화학제품 제조업
038060.KQ,038060,루멘스,KOSDAQ,반도체 제조업
083660.KQ,083660,CSA 코스믹,KOSDAQ,기타 화학제품 제조업
063570.KQ,063570,NICE인프라,KOSDAQ,기타 사업지원 서비스업
086980.KQ,086980,쇼박스,KOSDAQ,"영화, 비디오물, 방송프로그램 제작 및 배급업"
068050.KQ,068050,팬엔터테인먼트,KOSDAQ,"영화, 비디오물, 방송프로그램 제작 및 배급업"
039290.KQ,039290,인포뱅크,KOSDAQ,기타 정보 서비스업
090350.KS,090350,노루페인트,KOSPI,기타 화학제품 제조업
090430.KS,090430,아모레퍼시픽,KOSPI,기타 화학제품 제조업
078860.KQ,078860,아이오케이이엔엠,KOSDAQ,"영화, 비디오물, 방송프로그램 제작 및 배급업"
088910.KQ,088910,동우팜투테이블,KOSDAQ,"도축, 육류 가공 및 저장 처리업"
032350.KS,032350,롯데관광개발,KOSPI,여행사 및 기타 여행보조 서비스업
054950.KQ,054950,제이브이엠,KOSDAQ,일반 목적용 기계 제조업
090080.KS,090080,평화산업,KOSPI,자동차 신품 부품 제조업
049800.KS,049800,우진플라임,KOSPI,특수 목적용 기계 제조업
084730.KQ,084730,팅크웨어,KOSDAQ,통신 및 방송 장비 제조업
035510.KS,035510,신세계I&C,KOSPI,"컴퓨터 프로그래밍, 시스템 통합 및 관리업"
086060.KQ,086060,진바이오텍,KOSDAQ,산업용 농·축산물 및 동·식물 도매업
022220.KQ,022220,티케이지애강,KOSDAQ,플라스틱제품 제조업
088790.KS,088790,진도,KOSPI,기타 전문 도매업
088800.KQ,088800,에이스테크,KOSDAQ,통신 및 방송 장비 제조업
088980.KS,088980,맥쿼리인프라,KOSPI,신탁업 및 집합투자업
023530.KS,023530,롯데쇼핑,KOSPI,종합 소매업
068760.KQ,068760,셀트리온제약,KOSDAQ,의약품 제조업
083450.KQ,083450,GST,KOSDAQ,특수 목적용 기계 제조업
019990.KQ,019990,에너토크,KOSDAQ,일반 목적용 기계 제조업
079370.KQ,079370,제우스,KOSDAQ,특수 목적용 기계 제조업
085670.KQ,085670,뉴프렉스,KOSDAQ,전자부품 제조업
084370.KQ,084370,유진테크,KOSDAQ,특수 목적용 기계 제조업
083790.KQ,083790,CG인바이츠,KOSDAQ,자연과학 및 공학 연구개발업
064550.KQ,064550,바이오니아,KOSDAQ,의료용품 및 기타 의약 관련제품 제조업
084990.KQ,084990,헬릭스미스,KOSDAQ,자연과학 및 공학 연구개발업
083640.KQ,083640,인콘,KOSDAQ,상품 종합 도매업
085660.KQ,085660,차바이오텍,KOSDAQ,기초 의약물질 제조업
086280.KS,086280,현대글로비스,KOSPI,기타 운송관련 서비스업
078140.KQ,078140,대봉엘에스,KOSDAQ,의약품 제조업
067900.KQ,067900,와이엔텍,KOSDAQ,폐기물 처리업
067900.KQ,067900,와이엔텍,KOSDAQ,폐기물 처리업
083550.KQ,083550,케이엠,KOSDAQ,기타 섬유제품 제조업
084870.KS,084870,티비에이치글로벌,KOSPI,봉제의복 제조업
084180.KQ,084180,수성웹툰,KOSDAQ,일반 목적용 기계 제조업
086790.KS,086790,하나금융지주,KOSPI,기타 금융업
001560.KS,001560,제일연마,KOSPI,기타 비금속 광물제품 제조업
080420.KQ,080420,모다이노칩,KOSDAQ,"섬유, 의복, 신발 및 가죽제품 소매업"
083650.KQ,083650,비에이치아이,KOSDAQ,일반 목적용 기계 제조업
079190.KQ,079190,케스피온,KOSDAQ,통신 및 방송 장비 제조업
079430.KS,079430,현대리바트,KOSPI,가구 제조업
082800.KQ,082800,비보존 제약,KOSDAQ,의약품 제조업
043910.KQ,043910,자연과환경,KOSDAQ,"시멘트, 석회, 플라스터 및 그 제품 제조업"
079000.KQ,079000,와토스코리아,KOSDAQ,플라스틱제품 제조업
079000.KQ,079000,와토스코리아,KOSDAQ,플라스틱제품 제조업
084010.KS,084010,대한제강,KOSPI,1차 철강 제조업
041020.KQ,041020,폴라리스오피스,KOSDAQ,소프트웨어 개발 및 공급업
078590.KQ,078590,휴림에이텍,KOSDAQ,자동차 신품 부품 제조업
038070.KQ,038070,서린바이오,KOSDAQ,기타 전문 도매업
075180.KS,075180,새론오토모티브,KOSPI,자동차 신품 부품 제조업
083420.KS,083420,그린케미칼,KOSPI,기타 화학제품 제조업
079940.KQ,079940,가비아,KOSDAQ,소프트웨어 개발 및 공급업
077360.KQ,077360,덕산하이메탈,KOSDAQ,반도체 제조업
083930.KQ,083930,아바코,KOSDAQ,특수 목적용 기계 제조업
067310.KQ,067310,하나마이크론,KOSDAQ,반도체 제조업
083310.KQ,083310,엘오티베큠,KOSDAQ,특수 목적용 기계 제조업
082660.KQ,082660,코스나인,KOSDAQ,기타 화학제품 제조업
080010.KQ,080010,이상네트웍스,KOSDAQ,상품 중개업
084690.KS,084690,대상홀딩스,KOSPI,기타 금융업
071950.KS,071950,코아스,KOSPI,가구 제조업
078160.KQ,078160,메디포스트,KOSDAQ,기초 의약물질 제조업
082850.KQ,082850,우리바이오,KOSDAQ,기타 식품 제조업
080160.KQ,080160,모두투어,KOSDAQ,여행사 및 기타 여행보조 서비스업
084680.KS,084680,이월드,KOSPI,귀금속 및 장신용품 제조업
084670.KS,084670,동양고속,KOSPI,육상 여객 운송업
042700.KS,042700,한미반도체,KOSPI,특수 목적용 기계 제조업
078890.KQ,078890,가온그룹,KOSDAQ,통신 및 방송 장비 제조업
050890.KQ,050890,쏠리드,KOSDAQ,통신 및 방송 장비 제조업
004890.KS,004890,동일산업,KOSPI,1차 철강 제조업
082210.KQ,082210,옵트론텍,KOSDAQ,사진장비 및 광학기기 제조업
082270.KQ,082270,젬백스,KOSDAQ,특수 목적용 기계 제조업
075130.KQ,075130,플랜티넷,KOSDAQ,"컴퓨터 프로그래밍, 시스템 통합 및 관리업"
010960.KS,010960,삼호개발,KOSPI,기반조성 및 시설물 축조관련 전문공사업
073240.KS,073240,금호타이어,KOSPI,고무제품 제조업
073240.KS,073240,금호타이어,KOSPI,고무제품 제조업
073490.KQ,073490,LIG아큐버,KOSDAQ,통신 및 방송 장비 제조업
079950.KQ,079950,인베니아,KOSDAQ,특수 목적용 기계 제조업
079960.KQ,079960,동양이엔피,KOSDAQ,"전동기, 발전기 및 전기 변환 · 공급 · 제어 장치 제조업"
080220.KQ,080220,제주반도체,KOSDAQ,반도체 제조업
079170.KQ,079170,한창산업,KOSDAQ,1차 비철금속 제조업
079810.KQ,079810,APS이노베이션,KOSDAQ,기타 전기장비 제조업
052220.KQ,052220,iMBC,KOSDAQ,영상·오디오물 제공 서비스업
079650.KQ,079650,서산,KOSDAQ,"시멘트, 석회, 플라스터 및 그 제품 제조업"
079650.KQ,079650,서산,KOSDAQ,"시멘트, 석회, 플라스터 및 그 제품 제조업"
052900.KQ,052900,KX하이텍,KOSDAQ,플라스틱제품 제조업
066910.KQ,066910,손오공,KOSDAQ,기타 전문 도매업
049950.KQ,049950,미래컴퍼니,KOSDAQ,특수 목적용 기계 제조업
052460.KQ,052460,아이크래프트,KOSDAQ,"컴퓨터 프로그래밍, 시스템 통합 및 관리업"
079160.KS,079160,CJ CGV,KOSPI,"영화, 비디오물, 방송프로그램 제작 및 배급업"
081000.KS,081000,일진다이아,KOSPI,기타 화학제품 제조업
072870.KQ,072870,메가스터디,KOSDAQ,"서적, 잡지 및 기타 인쇄물 출판업"
073010.KQ,073010,케이에스피,KOSDAQ,일반 목적용 기계 제조업
046440.KQ,046440,KG파이낸셜,KOSDAQ,소프트웨어 개발 및 공급업
078600.KQ,078600,대주전자재료,KOSDAQ,전자부품 제조업
054450.KQ,054450,텔레칩스,KOSDAQ,반도체 제조업
078150.KQ,078150,HB테크놀러지,KOSDAQ,특수 목적용 기계 제조업
067990.KQ,067990,도이치모터스,KOSDAQ,자동차 판매업
014830.KS,014830,유니드,KOSPI,기초 화학물질 제조업
051360.KQ,051360,토비스,KOSDAQ,영상 및 음향기기 제조업
041650.KS,041650,상신브레이크,KOSPI,자동차 신품 부품 제조업
078130.KQ,078130,국일제지,KOSDAQ,기타 종이 및 판지 제품 제조업
068790.KQ,068790,DMS,KOSDAQ,특수 목적용 기계 제조업
023810.KS,023810,인팩,KOSPI,자동차 신품 부품 제조업
048870.KQ,048870,시너지이노베이션,KOSDAQ,의료용 기기 제조업
065350.KQ,065350,신성델타테크,KOSDAQ,가정용 기기 제조업
078930.KS,078930,GS,KOSPI,기타 금융업
077500.KS,077500,유니퀘스트,KOSPI,기계장비 및 관련 물품 도매업
058730.KS,058730,다스코,KOSPI,"구조용 금속제품, 탱크 및 증기발생기 제조업"
058730.KS,058730,다스코,KOSPI,"구조용 금속제품, 탱크 및 증기발생기 제조업"
039340.KQ,039340,한국경제TV,KOSDAQ,텔레비전 방송업
034220.KS,034220,LG디스플레이,KOSPI,전자부품 제조업
064260.KQ,064260,다날,KOSDAQ,소프트웨어 개발 및 공급업
078000.KS,078000,텔코웨어,KOSPI,"자료처리, 호스팅, 포털 및 기타 인터넷 정보매개 서비스업"
011080.KQ,011080,형지I&C,KOSDAQ,봉제의복 제조업
050090.KQ,050090,비케이홀딩스,KOSDAQ,광고업
057030.KQ,057030,YBM넷,KOSDAQ,교육지원 서비스업
065770.KQ,065770,CS,KOSDAQ,통신 및 방송 장비 제조업
074430.KQ,074430,아미노로직스,KOSDAQ,기초 의약물질 제조업
066700.KQ,066700,테라젠이텍스,KOSDAQ,의약품 제조업
066900.KQ,066900,디에이피,KOSDAQ,전자부품 제조업
078350.KQ,078350,한양디지텍,KOSDAQ,반도체 제조업
077970.KS,077970,STX엔진,KOSPI,일반 목적용 기계 제조업
075970.KQ,075970,동국알앤에스,KOSDAQ,기타 비금속 광물제품 제조업
069540.KQ,069540,빛과전자,KOSDAQ,통신 및 방송 장비 제조업
073190.KQ,073190,듀오백,KOSDAQ,가구 제조업
054090.KQ,054090,삼진엘앤디,KOSDAQ,그외 기타 제품 제조업
041910.KQ,041910,폴라리스AI파마,KOSDAQ,의약품 제조업
034310.KS,034310,NICE,KOSPI,회사 본부 및 경영 컨설팅 서비스업
019680.KS,019680,대교,KOSPI,초등 교육기관
067770.KQ,067770,세진티에스,KOSDAQ,전자부품 제조업
070590.KQ,070590,인티큐브,KOSDAQ,"컴퓨터 프로그래밍, 시스템 통합 및 관리업"
073570.KQ,073570,리튬포어스,KOSDAQ,그외 기타 제품 제조업
073640.KQ,073640,테라사이언스,KOSDAQ,기타 금속 가공제품 제조업
065680.KQ,065680,우주일렉트로,KOSDAQ,전자부품 제조업
024110.KS,024110,기업은행,KOSPI,은행 및 저축기관
074610.KS,074610,이엔플러스,KOSPI,일반 목적용 기계 제조업
067160.KQ,067160,SOOP,KOSDAQ,소프트웨어 개발 및 공급업
060570.KQ,060570,드림어스컴퍼니,KOSDAQ,영상·오디오물 제공 서비스업
066410.KQ,066410,버킷스튜디오,KOSDAQ,전기 통신업
074600.KQ,074600,원익QnC,KOSDAQ,유리 및 유리제품 제조업
071280.KQ,071280,로체시스템즈,KOSDAQ,특수 목적용 기계 제조업
069510.KQ,069510,에스텍,KOSDAQ,영상 및 음향기기 제조업
067170.KQ,067170,오텍,KOSDAQ,자동차 재제조 부품 제조업
054780.KQ,054780,키이스트,KOSDAQ,"영화, 비디오물, 방송프로그램 제작 및 배급업"
041440.KQ,041440,현대에버다임,KOSDAQ,특수 목적용 기계 제조업
025750.KS,025750,한솔홈데코,KOSPI,제재 및 목재 가공업
072020.KQ,072020,중앙백신,KOSDAQ,기초 의약물질 제조업
065510.KQ,065510,휴비츠,KOSDAQ,의료용 기기 제조업
072470.KQ,072470,우리산업홀딩스,KOSDAQ,자동차 신품 부품 제조업
068930.KQ,068930,디지털대성,KOSDAQ,일반 교습 학원
007660.KS,007660,이수페타시스,KOSPI,전자부품 제조업
035250.KS,035250,강원랜드,KOSPI,유원지 및 기타 오락관련 서비스업
069330.KQ,069330,유아이디,KOSDAQ,전자부품 제조업
064760.KQ,064760,티씨케이,KOSDAQ,기타 비금속 광물제품 제조업
037270.KS,037270,YG PLUS,KOSPI,"자료처리, 호스팅, 포털 및 기타 인터넷 정보매개 서비스업"
052710.KQ,052710,아모텍,KOSDAQ,전자부품 제조업
072710.KS,072710,농심홀딩스,KOSPI,기타 금융업
065950.KQ,065950,웰크론,KOSDAQ,직물직조 및 직물제품 제조업
047310.KQ,047310,파워로직스,KOSDAQ,"전동기, 발전기 및 전기 변환 · 공급 · 제어 장치 제조업"
071050.KS,071050,한국금융지주,KOSPI,기타 금융업
041520.KQ,041520,이엘씨,KOSDAQ,"측정, 시험, 항해, 제어 및 기타 정밀기기 제조업; 광학기기 제외"
072130.KS,072130,유엔젤,KOSPI,"자료처리, 호스팅, 포털 및 기타 인터넷 정보매개 서비스업"
034120.KS,034120,SBS,KOSPI,텔레비전 방송업
064240.KQ,064240,홈캐스트,KOSDAQ,기타 전문 도매업
066790.KQ,066790,씨씨에스,KOSDAQ,텔레비전 방송업
069080.KQ,069080,웹젠,KOSDAQ,소프트웨어 개발 및 공급업
036570.KS,036570,NC,KOSPI,소프트웨어 개발 및 공급업
071090.KS,071090,하이스틸,KOSPI,1차 철강 제조업
067080.KQ,067080,대화제약,KOSDAQ,의약품 제조업
066590.KQ,066590,스모트로닉,KOSDAQ,자동차 신품 부품 제조업
067290.KQ,067290,JW신약,KOSDAQ,의약품 제조업
066130.KQ,066130,하츠,KOSDAQ,가정용 기기 제조업
065450.KQ,065450,빅텍,KOSDAQ,"측정, 시험, 항해, 제어 및 기타 정밀기기 제조업; 광학기기 제외"
065130.KQ,065130,탑엔지니어링,KOSDAQ,특수 목적용 기계 제조업
069730.KS,069730,DSR제강,KOSPI,1차 철강 제조업
069730.KS,069730,DSR제강,KOSPI,1차 철강 제조업
065440.KQ,065440,이루온,KOSDAQ,소프트웨어 개발 및 공급업
006890.KS,006890,태경케미컬,KOSPI,기초 화학물질 제조업
049630.KQ,049630,재영솔루텍,KOSDAQ,사진장비 및 광학기기 제조업
021650.KQ,021650,한국큐빅,KOSDAQ,플라스틱제품 제조업
051370.KQ,051370,인터플렉스,KOSDAQ,전자부품 제조업
065570.KQ,065570,삼영이엔씨,KOSDAQ,통신 및 방송 장비 제조업
065650.KQ,065650,하이퍼코퍼레이션,KOSDAQ,기계장비 및 관련 물품 도매업
066980.KQ,066980,한성크린텍,KOSDAQ,"건축기술, 엔지니어링 및 관련 기술 서비스업"
016100.KQ,016100,리더스코스메틱,KOSDAQ,"골판지, 종이 상자 및 종이용기 제조업"
011500.KS,011500,한농화성,KOSPI,기타 화학제품 제조업
042040.KQ,042040,케이피엠테크,KOSDAQ,기타 전문 도매업
066670.KQ,066670,디티씨,KOSDAQ,부동산 임대 및 공급업
066430.KQ,066430,아이로보틱스,KOSDAQ,기타 전문 도매업
047820.KQ,047820,초록뱀미디어,KOSDAQ,"영화, 비디오물, 방송프로그램 제작 및 배급업"
064090.KQ,064090,인크레더블버즈,KOSDAQ,상품 종합 도매업
049960.KQ,049960,쎌바이오텍,KOSDAQ,기초 의약물질 제조업
053290.KQ,053290,NE능률,KOSDAQ,"서적, 잡지 및 기타 인쇄물 출판업"
064520.KQ,064520,테크엘,KOSDAQ,반도체 제조업
069960.KS,069960,현대백화점,KOSPI,종합 소매업
035600.KQ,035600,KG이니시스,KOSDAQ,소프트웨어 개발 및 공급업
065170.KQ,065170,비엘팜텍,KOSDAQ,음·식료품 및 담배 도매업
069460.KS,069460,대호에이엘,KOSPI,1차 비철금속 제조업
069620.KS,069620,대웅제약,KOSPI,의약품 제조업
041590.KQ,041590,플래스크,KOSDAQ,실내건축 및 건축마무리 공사업
027740.KS,027740,마니커,KOSPI,"도축, 육류 가공 및 저장 처리업"
036530.KS,036530,SNT홀딩스,KOSPI,기타 금융업
069260.KS,069260,티케이지휴켐스,KOSPI,기타 화학제품 제조업
042600.KQ,042600,새로닉스,KOSDAQ,전자부품 제조업
033530.KS,033530,SJG세종,KOSPI,자동차 신품 부품 제조업
065500.KQ,065500,오리엔트정공,KOSDAQ,자동차 신품 부품 제조업
060900.KQ,060900,에이전트AI,KOSDAQ,전기업
060900.KQ,060900,에이전트AI,KOSDAQ,전기업
066620.KQ,066620,국보디자인,KOSDAQ,실내건축 및 건축마무리 공사업
052770.KQ,052770,아이톡시,KOSDAQ,소프트웨어 개발 및 공급업
065420.KQ,065420,에스아이리소스,KOSDAQ,기타 화학제품 제조업
064800.KQ,064800,포니링크,KOSDAQ,"섬유, 의복, 신발 및 가죽제품 소매업"
058430.KS,058430,포스코스틸리온,KOSPI,1차 철강 제조업
039980.KQ,039980,폴라리스AI,KOSDAQ,"컴퓨터 프로그래밍, 시스템 통합 및 관리업"
048410.KQ,048410,현대바이오,KOSDAQ,기타 화학제품 제조업
068290.KS,068290,삼성출판사,KOSPI,"서적, 잡지 및 기타 인쇄물 출판업"
067830.KS,067830,세이브존I&C,KOSPI,종합 소매업
058610.KQ,058610,에스피지,KOSDAQ,"전동기, 발전기 및 전기 변환 · 공급 · 제어 장치 제조업"
045340.KQ,045340,토탈소프트,KOSDAQ,소프트웨어 개발 및 공급업
030610.KS,030610,교보증권,KOSPI,금융 지원 서비스업
065710.KQ,065710,서호전기,KOSDAQ,"전동기, 발전기 및 전기 변환 · 공급 · 제어 장치 제조업"
065690.KQ,065690,파커스,KOSDAQ,고무제품 제조업
009240.KS,009240,한샘,KOSPI,생활용품 도매업
060560.KQ,060560,HC홈센타,KOSDAQ,기타 전문 도매업
043710.KQ,043710,코스리거글로벌,KOSDAQ,기타 전문 도매업
036010.KQ,036010,아비코전자,KOSDAQ,전자부품 제조업
060280.KQ,060280,큐렉소,KOSDAQ,기타 상품 전문 소매업
060230.KQ,060230,제이케이시냅스,KOSDAQ,기타 화학제품 제조업
046940.KQ,046940,우원개발,KOSDAQ,기반조성 및 시설물 축조관련 전문공사업
057680.KQ,057680,티사이언티픽,KOSDAQ,소프트웨어 개발 및 공급업
060150.KQ,060150,인선이엔티,KOSDAQ,폐기물 처리업
065530.KQ,065530,와이어블,KOSDAQ,전기 통신업
063440.KQ,063440,SM Life Design,KOSDAQ,기록매체 복제업
017370.KS,017370,우신시스템,KOSPI,특수 목적용 기계 제조업
051160.KQ,051160,지어소프트,KOSDAQ,소프트웨어 개발 및 공급업
065060.KQ,065060,지엔코,KOSDAQ,봉제의복 제조업
049180.KQ,049180,셀루메드,KOSDAQ,기초 의약물질 제조업
060720.KQ,060720,KH바텍,KOSDAQ,전자부품 제조업
061040.KQ,061040,알에프텍,KOSDAQ,통신 및 방송 장비 제조업
050760.KQ,050760,에스폴리텍,KOSDAQ,플라스틱제품 제조업
054210.KQ,054210,이랜텍,KOSDAQ,전자부품 제조업
050120.KQ,050120,ES큐브,KOSDAQ,생활용품 도매업
054410.KQ,054410,케이피티유,KOSDAQ,"섬유, 의복, 신발 및 가죽제품 소매업"
060310.KQ,060310,3S,KOSDAQ,"측정, 시험, 항해, 제어 및 기타 정밀기기 제조업; 광학기기 제외"
066570.KS,066570,LG전자,KOSPI,통신 및 방송 장비 제조업
061250.KQ,061250,화일약품,KOSDAQ,의약품 제조업
053980.KQ,053980,오상자이엘,KOSDAQ,소프트웨어 개발 및 공급업
024720.KS,024720,콜마홀딩스,KOSPI,기타 금융업
054050.KQ,054050,NH농우바이오,KOSDAQ,작물 재배업
039420.KQ,039420,케이엘넷,KOSDAQ,전기 통신업
064960.KS,064960,SNT모티브,KOSPI,자동차 신품 부품 제조업
039440.KQ,039440,에스티아이,KOSDAQ,특수 목적용 기계 제조업
049550.KQ,049550,잉크테크,KOSDAQ,기타 화학제품 제조업
054670.KQ,054670,대한뉴팜,KOSDAQ,의약품 제조업
060590.KQ,060590,씨티씨바이오,KOSDAQ,의약품 제조업
049070.KQ,049070,인탑스,KOSDAQ,통신 및 방송 장비 제조업
060370.KQ,060370,LS마린솔루션,KOSDAQ,전기 및 통신 공사업
051380.KQ,051380,피씨디렉트,KOSDAQ,기계장비 및 관련 물품 도매업
037710.KS,037710,광주신세계,KOSPI,종합 소매업
037710.KS,037710,광주신세계,KOSPI,종합 소매업
053270.KQ,053270,구영테크,KOSDAQ,자동차 신품 부품 제조업
034950.KQ,034950,한국기업평가,KOSDAQ,기타 사업지원 서비스업
060260.KQ,060260,뉴보텍,KOSDAQ,플라스틱제품 제조업
060380.KQ,060380,동양에스텍,KOSDAQ,1차 철강 제조업
046310.KQ,046310,백금T&A,KOSDAQ,통신 및 방송 장비 제조업
049720.KQ,049720,고려신용정보,KOSDAQ,기타 사업지원 서비스업
046890.KQ,046890,서울반도체,KOSDAQ,반도체 제조업
013990.KQ,013990,아가방컴퍼니,KOSDAQ,생활용품 도매업
058450.KQ,058450,한주에이알티,KOSDAQ,"영화, 비디오물, 방송프로그램 제작 및 배급업"
059090.KQ,059090,미코,KOSDAQ,반도체 제조업
054930.KQ,054930,유신,KOSDAQ,"건축기술, 엔지니어링 및 관련 기술 서비스업"
035200.KQ,035200,프럼파스트,KOSDAQ,플라스틱제품 제조업
054040.KQ,054040,한국컴퓨터,KOSDAQ,전자부품 제조업
048470.KQ,048470,대동스틸,KOSDAQ,기타 전문 도매업
042500.KQ,042500,링네트,KOSDAQ,"컴퓨터 프로그래밍, 시스템 통합 및 관리업"
040350.KQ,040350,크레오에스지,KOSDAQ,"컴퓨터 프로그래밍, 시스템 통합 및 관리업"
054300.KQ,054300,팬스타엔터프라이즈,KOSDAQ,일반 목적용 기계 제조업
047080.KQ,047080,한빛소프트,KOSDAQ,소프트웨어 개발 및 공급업
020760.KS,020760,일진디스플,KOSPI,반도체 제조업
060250.KQ,060250,NHN KCP,KOSDAQ,금융 지원 서비스업
056730.KQ,056730,CNT85,KOSDAQ,건물 건설업
053260.KQ,053260,금강철강,KOSDAQ,1차 철강 제조업
041930.KQ,041930,SY동아,KOSDAQ,고무제품 제조업
054220.KQ,054220,비츠로시스,KOSDAQ,"전동기, 발전기 및 전기 변환 · 공급 · 제어 장치 제조업"
014940.KQ,014940,오리엔탈정공,KOSDAQ,일반 목적용 기계 제조업
043590.KQ,043590,웰킵스하이텍,KOSDAQ,반도체 제조업
056190.KQ,056190,SFA,KOSDAQ,특수 목적용 기계 제조업
058470.KQ,058470,리노공업,KOSDAQ,전자부품 제조업
045300.KQ,045300,성우테크론,KOSDAQ,전자부품 제조업
056700.KQ,056700,신화인터텍,KOSDAQ,플라스틱제품 제조업
054940.KQ,054940,엑사이엔씨,KOSDAQ,실내건축 및 건축마무리 공사업
043370.KQ,043370,피에이치에이,KOSDAQ,자동차 신품 부품 제조업
063160.KS,063160,종근당바이오,KOSPI,의약품 제조업
054620.KQ,054620,APS,KOSDAQ,기타 금융업
056360.KQ,056360,코위버,KOSDAQ,통신 및 방송 장비 제조업
043260.KQ,043260,성호전자,KOSDAQ,전자부품 제조업
051390.KQ,051390,YW,KOSDAQ,상품 종합 도매업
054540.KQ,054540,삼영엠텍,KOSDAQ,"구조용 금속제품, 탱크 및 증기발생기 제조업"
053350.KQ,053350,이니텍,KOSDAQ,소프트웨어 개발 및 공급업
056080.KQ,056080,유진로봇,KOSDAQ,특수 목적용 기계 제조업
044490.KQ,044490,태웅,KOSDAQ,기타 금속 가공제품 제조업
053950.KQ,053950,경남제약,KOSDAQ,의약품 제조업
053700.KQ,053700,삼보모터스,KOSDAQ,자동차 신품 부품 제조업
054920.KQ,054920,한컴위드,KOSDAQ,소프트웨어 개발 및 공급업
041960.KQ,041960,코미팜,KOSDAQ,의약품 제조업
053160.KQ,053160,프리엠스,KOSDAQ,"전동기, 발전기 및 전기 변환 · 공급 · 제어 장치 제조업"
052400.KQ,052400,코나아이,KOSDAQ,소프트웨어 개발 및 공급업
054180.KQ,054180,메디콕스,KOSDAQ,선박 및 보트 건조업
043090.KQ,043090,더테크놀로지,KOSDAQ,기타 전문 도매업
049470.KQ,049470,비트플래닛,KOSDAQ,소프트웨어 개발 및 공급업
053050.KQ,053050,지에스이,KOSDAQ,연료용 가스 제조 및 배관공급업
054800.KQ,054800,아이디스홀딩스,KOSDAQ,기타 전문 서비스업
047770.KQ,047770,코데즈컴바인,KOSDAQ,봉제의복 제조업
053800.KQ,053800,안랩,KOSDAQ,소프트웨어 개발 및 공급업
055550.KS,055550,신한지주,KOSPI,기타 금융업
040300.KQ,040300,YTN,KOSDAQ,"영화, 비디오물, 방송프로그램 제작 및 배급업"
058820.KQ,058820,CMG제약,KOSDAQ,의약품 제조업
035900.KQ,035900,JYP Ent.,KOSDAQ,오디오물 출판 및 원판 녹음업
021320.KQ,021320,KCC건설,KOSDAQ,건물 건설업
053060.KQ,053060,세동,KOSDAQ,자동차 신품 부품 제조업
053610.KQ,053610,프로텍,KOSDAQ,특수 목적용 기계 제조업
052790.KQ,052790,액토즈소프트,KOSDAQ,소프트웨어 개발 및 공급업
053450.KQ,053450,세코닉스,KOSDAQ,사진장비 및 광학기기 제조업
053030.KQ,053030,바이넥스,KOSDAQ,의약품 제조업
052420.KQ,052420,오성첨단소재,KOSDAQ,플라스틱제품 제조업
021240.KS,021240,코웨이,KOSPI,그외 기타 개인 서비스업
053620.KQ,053620,태양,KOSDAQ,기타 금속 가공제품 제조업
052300.KQ,052300,오션인더블유,KOSDAQ,상품 종합 도매업
049520.KQ,049520,유아이엘,KOSDAQ,전자부품 제조업
048910.KQ,048910,대원미디어,KOSDAQ,기타 전문 도매업
051980.KQ,051980,중앙첨단소재,KOSDAQ,통신 및 방송 장비 제조업
058650.KS,058650,세아홀딩스,KOSPI,1차 철강 제조업
051500.KQ,051500,CJ프레시웨이,KOSDAQ,음·식료품 및 담배 도매업
049120.KQ,049120,파인디앤씨,KOSDAQ,전자부품 제조업
043360.KQ,043360,디지아이,KOSDAQ,컴퓨터 및 주변장치 제조업
052330.KQ,052330,코텍,KOSDAQ,영상 및 음향기기 제조업
052600.KQ,052600,한네트,KOSDAQ,전기 통신업
052020.KQ,052020,에스티큐브,KOSDAQ,기계장비 및 관련 물품 도매업
043220.KQ,043220,티에스넥스젠,KOSDAQ,특수 목적용 기계 제조업
051780.KQ,051780,큐로홀딩스,KOSDAQ,음·식료품 및 담배 소매업
033790.KQ,033790,피노,KOSDAQ,일차전지 및 이차전지 제조업
051490.KQ,051490,나라엠앤디,KOSDAQ,특수 목적용 기계 제조업
038870.KQ,038870,에코심플렉스,KOSDAQ,사업시설 유지·관리 서비스업
045660.KQ,045660,에이텍,KOSDAQ,일반 목적용 기계 제조업
045390.KQ,045390,대아티아이,KOSDAQ,기타 전기장비 제조업
050110.KQ,050110,캠시스,KOSDAQ,전자부품 제조업
052260.KQ,052260,현대바이오랜드,KOSDAQ,기타 화학제품 제조업
036540.KQ,036540,SFA반도체,KOSDAQ,반도체 제조업
051900.KS,051900,LG생활건강,KOSPI,기타 화학제품 제조업
051910.KS,051910,LG화학,KOSPI,기초 화학물질 제조업
047040.KS,047040,대우건설,KOSPI,건물 건설업
047050.KS,047050,포스코인터내셔널,KOSPI,상품 중개업
042660.KS,042660,한화오션,KOSPI,선박 및 보트 건조업
038500.KQ,038500,삼표시멘트,KOSDAQ,기타 비금속 광물제품 제조업
051630.KS,051630,진양화학,KOSPI,플라스틱제품 제조업
024850.KQ,024850,HLB이노베이션,KOSDAQ,전자부품 제조업
048550.KQ,048550,SM C&C,KOSDAQ,광고업
049830.KQ,049830,승일,KOSDAQ,기타 금속 가공제품 제조업
048770.KQ,048770,TPC로보틱스,KOSDAQ,일반 목적용 기계 제조업
049430.KQ,049430,코메론,KOSDAQ,"측정, 시험, 항해, 제어 및 기타 정밀기기 제조업; 광학기기 제외"
044480.KQ,044480,빌리언스,KOSDAQ,창작 및 예술관련 서비스업
046390.KQ,046390,삼화네트웍스,KOSDAQ,"영화, 비디오물, 방송프로그램 제작 및 배급업"
014620.KQ,014620,성광벤드,KOSDAQ,1차 철강 제조업
048430.KQ,048430,유라테크,KOSDAQ,"전동기, 발전기 및 전기 변환 · 공급 · 제어 장치 제조업"
017480.KQ,017480,삼현철강,KOSDAQ,1차 철강 제조업
049480.KQ,049480,오픈베이스,KOSDAQ,"컴퓨터 프로그래밍, 시스템 통합 및 관리업"
042510.KQ,042510,라온시큐어,KOSDAQ,소프트웨어 개발 및 공급업
036670.KQ,036670,삼양케이씨아이,KOSDAQ,기타 화학제품 제조업
039830.KQ,039830,오로라,KOSDAQ,전문디자인업
036190.KQ,036190,금화피에스시,KOSDAQ,전기 및 통신 공사업
046070.KQ,046070,코다코,KOSDAQ,자동차 신품 부품 제조업
041830.KQ,041830,인바디,KOSDAQ,의료용 기기 제조업
014570.KQ,014570,고려제약,KOSDAQ,의약품 제조업
045520.KQ,045520,크린앤사이언스,KOSDAQ,일반 목적용 기계 제조업
044180.KQ,044180,KD,KOSDAQ,건물 건설업
044960.KQ,044960,이글벳,KOSDAQ,기타 전문 도매업
032080.KQ,032080,아즈텍WB,KOSDAQ,"섬유제품 염색, 정리 및 마무리 가공업"
034020.KS,034020,두산에너빌리티,KOSPI,일반 목적용 기계 제조업
010470.KQ,010470,오리콤,KOSDAQ,광고업
044340.KQ,044340,위닉스,KOSDAQ,가정용 기기 제조업
042940.KQ,042940,상지건설,KOSDAQ,건물 건설업
010040.KS,010040,한국내화,KOSPI,"내화, 비내화 요업제품 제조업"
048830.KQ,048830,엔피케이,KOSDAQ,합성고무 및 플라스틱 물질 제조업
000250.KQ,000250,삼천당제약,KOSDAQ,의약품 제조업
044780.KQ,044780,에이치케이,KOSDAQ,특수 목적용 기계 제조업
045510.KQ,045510,정원엔시스,KOSDAQ,기계장비 및 관련 물품 도매업
045100.KQ,045100,한양이엔지,KOSDAQ,"건축기술, 엔지니어링 및 관련 기술 서비스업"
040160.KQ,040160,누리플렉스,KOSDAQ,소프트웨어 개발 및 공급업
043340.KQ,043340,에쎈테크,KOSDAQ,일반 목적용 기계 제조업
043650.KQ,043650,국순당,KOSDAQ,알코올음료 제조업
037950.KQ,037950,엘컴텍,KOSDAQ,전자부품 제조업
039030.KQ,039030,이오테크닉스,KOSDAQ,특수 목적용 기계 제조업
038540.KQ,038540,상상인,KOSDAQ,"컴퓨터 프로그래밍, 시스템 통합 및 관리업"
018680.KQ,018680,서울제약,KOSDAQ,의약품 제조업
046210.KQ,046210,HLB파나진,KOSDAQ,의료용품 및 기타 의약 관련제품 제조업
039860.KQ,039860,나노엔텍,KOSDAQ,의료용 기기 제조업
045060.KQ,045060,오공,KOSDAQ,기타 화학제품 제조업
043100.KQ,043100,알파AI,KOSDAQ,의료용 기기 제조업
042370.KQ,042370,비츠로테크,KOSDAQ,기타 금융업
045970.KQ,045970,코아시아,KOSDAQ,전자부품 제조업
040420.KQ,040420,정상제이엘에스,KOSDAQ,일반 교습 학원
007370.KQ,007370,진양제약,KOSDAQ,의약품 제조업
043610.KQ,043610,KT지니뮤직,KOSDAQ,영상·오디오물 제공 서비스업
036890.KQ,036890,진성티이씨,KOSDAQ,특수 목적용 기계 제조업
039010.KQ,039010,현대에이치티,KOSDAQ,통신 및 방송 장비 제조업
009300.KQ,009300,삼아제약,KOSDAQ,의약품 제조업
043200.KQ,043200,파루,KOSDAQ,"전동기, 발전기 및 전기 변환 · 공급 · 제어 장치 제조업"
042110.KQ,042110,에스씨디,KOSDAQ,가정용 기기 제조업
039740.KQ,039740,한국정보공학,KOSDAQ,기타 전문 도매업
039840.KQ,039840,디오,KOSDAQ,의료용 기기 제조업
042420.KQ,042420,네오위즈홀딩스,KOSDAQ,소프트웨어 개발 및 공급업
039560.KQ,039560,다산네트웍스,KOSDAQ,통신 및 방송 장비 제조업
038460.KQ,038460,바이오스마트,KOSDAQ,전자부품 제조업
032820.KQ,032820,우리기술,KOSDAQ,"전동기, 발전기 및 전기 변환 · 공급 · 제어 장치 제조업"
001540.KQ,001540,안국약품,KOSDAQ,의약품 제조업
039310.KQ,039310,세중,KOSDAQ,소프트웨어 개발 및 공급업
041190.KQ,041190,우리기술투자,KOSDAQ,기타 금융업
038530.KQ,038530,케이바이오랩스,KOSDAQ,생활용품 도매업
036640.KQ,036640,HRS,KOSDAQ,합성고무 및 플라스틱 물질 제조업
031330.KQ,031330,에스에이엠티,KOSDAQ,기계장비 및 관련 물품 도매업
038620.KQ,038620,위즈코프,KOSDAQ,연료 소매업
039020.KQ,039020,이건홀딩스,KOSDAQ,제재 및 목재 가공업
038950.KQ,038950,파인디지털,KOSDAQ,통신 및 방송 장비 제조업
036800.KQ,036800,나이스정보통신,KOSDAQ,전기 통신업
040610.KQ,040610,SG&G,KOSDAQ,자동차 신품 부품 제조업
038880.KQ,038880,아이에이,KOSDAQ,전자부품 제조업
038680.KQ,038680,에스넷,KOSDAQ,"컴퓨터 프로그래밍, 시스템 통합 및 관리업"
041510.KQ,041510,에스엠,KOSDAQ,오디오물 출판 및 원판 녹음업
010280.KQ,010280,아이티센엔텍,KOSDAQ,"컴퓨터 프로그래밍, 시스템 통합 및 관리업"
037760.KQ,037760,쎄니트,KOSDAQ,1차 철강 제조업
036480.KQ,036480,대성미생물,KOSDAQ,의약품 제조업
038110.KQ,038110,에코플라스틱,KOSDAQ,자동차 신품 부품 제조업
032500.KQ,032500,케이엠더블유,KOSDAQ,통신 및 방송 장비 제조업
039610.KQ,039610,화성밸브,KOSDAQ,일반 목적용 기계 제조업
039240.KQ,039240,경남스틸,KOSDAQ,1차 철강 제조업
038290.KQ,038290,마크로젠,KOSDAQ,"그외 기타 전문, 과학 및 기술 서비스업"
037440.KQ,037440,희림,KOSDAQ,"건축기술, 엔지니어링 및 관련 기술 서비스업"
038390.KQ,038390,레드캡투어,KOSDAQ,여행사 및 기타 여행보조 서비스업
036830.KQ,036830,솔브레인홀딩스,KOSDAQ,회사 본부 및 경영 컨설팅 서비스업
036810.KQ,036810,에프에스티,KOSDAQ,전자부품 제조업
036690.KQ,036690,코맥스,KOSDAQ,통신 및 방송 장비 제조업
037370.KQ,037370,EG,KOSDAQ,기초 화학물질 제조업
037370.KQ,037370,EG,KOSDAQ,기초 화학물질 제조업
036620.KQ,036620,감성코퍼레이션,KOSDAQ,기타 전문 도매업
037350.KQ,037350,성도이엔지,KOSDAQ,"건축기술, 엔지니어링 및 관련 기술 서비스업"
038010.KQ,038010,제일테크노스,KOSDAQ,"구조용 금속제품, 탱크 및 증기발생기 제조업"
016450.KS,016450,한세예스24홀딩스,KOSPI,봉제의복 제조업
001810.KQ,001810,무림SP,KOSDAQ,"펄프, 종이 및 판지 제조업"
036630.KQ,036630,세종텔레콤,KOSDAQ,전기 및 통신 공사업
036710.KQ,036710,심텍홀딩스,KOSDAQ,회사 본부 및 경영 컨설팅 서비스업
037070.KQ,037070,파세코,KOSDAQ,가정용 기기 제조업
036560.KQ,036560,KZ정밀,KOSDAQ,일반 목적용 기계 제조업
016250.KQ,016250,SGC E&C,KOSDAQ,건물 건설업
035890.KQ,035890,서희건설,KOSDAQ,건물 건설업
036930.KQ,036930,주성엔지니어링,KOSDAQ,특수 목적용 기계 제조업
036030.KQ,036030,케이티알파,KOSDAQ,상품 중개업
016710.KS,016710,대성홀딩스,KOSPI,회사 본부 및 경영 컨설팅 서비스업
032190.KQ,032190,다우데이타,KOSDAQ,기계장비 및 관련 물품 도매업
005290.KQ,005290,동진쎄미켐,KOSDAQ,기초 화학물질 제조업
003100.KQ,003100,선광,KOSDAQ,기타 운송관련 서비스업
036170.KQ,036170,에이치엠넥스,KOSDAQ,반도체 제조업
026040.KQ,026040,제이에스티나,KOSDAQ,귀금속 및 장신용품 제조업
037230.KQ,037230,한국팩키지,KOSDAQ,"골판지, 종이 상자 및 종이용기 제조업"
037460.KQ,037460,삼지전자,KOSDAQ,통신 및 방송 장비 제조업
037400.KQ,037400,우리엔터프라이즈,KOSDAQ,상품 종합 도매업
003220.KS,003220,대원제약,KOSPI,의약품 제조업
036460.KS,036460,한국가스공사,KOSPI,연료용 가스 제조 및 배관공급업
033640.KQ,033640,네패스,KOSDAQ,반도체 제조업
037330.KQ,037330,인지디스플레,KOSDAQ,전자부품 제조업
036090.KQ,036090,위지트,KOSDAQ,특수 목적용 기계 제조업
036200.KQ,036200,유니셈,KOSDAQ,특수 목적용 기계 제조업
024800.KQ,024800,유성티엔에스,KOSDAQ,육상 여객 운송업
027050.KQ,027050,코리아나,KOSDAQ,기타 화학제품 제조업
035290.KQ,035290,골드앤에스,KOSDAQ,"서적, 잡지 및 기타 인쇄물 출판업"
036120.KQ,036120,서울평가정보,KOSDAQ,기타 정보 서비스업
027040.KQ,027040,서울전자통신,KOSDAQ,"전동기, 발전기 및 전기 변환 · 공급 · 제어 장치 제조업"
027830.KQ,027830,대성창투,KOSDAQ,신탁업 및 집합투자업
036000.KQ,036000,예림당,KOSDAQ,"서적, 잡지 및 기타 인쇄물 출판업"
007120.KS,007120,미래아이앤지,KOSPI,"컴퓨터 프로그래밍, 시스템 통합 및 관리업"
035760.KQ,035760,CJ ENM,KOSDAQ,텔레비전 방송업
035810.KQ,035810,이지홀딩스,KOSDAQ,동물용 사료 및 조제식품 제조업
035460.KQ,035460,기산텔레콤,KOSDAQ,통신 및 방송 장비 제조업
000850.KS,000850,화천기공,KOSPI,특수 목적용 기계 제조업
000850.KS,000850,화천기공,KOSPI,특수 목적용 기계 제조업
036580.KS,036580,팜스코,KOSPI,"곡물가공품, 전분 및 전분제품 제조업"
033780.KS,033780,케이티앤지,KOSPI,담배 제조업
009540.KS,009540,HD한국조선해양,KOSPI,기타 금융업
024090.KS,024090,디씨엠,KOSPI,1차 철강 제조업
035620.KQ,035620,바른손이앤에이,KOSDAQ,"영화, 비디오물, 방송프로그램 제작 및 배급업"
035610.KQ,035610,솔본,KOSDAQ,회사 본부 및 경영 컨설팅 서비스업
020710.KQ,020710,시공테크,KOSDAQ,전문디자인업
012790.KQ,012790,신일제약,KOSDAQ,의약품 제조업
034940.KQ,034940,조아제약,KOSDAQ,의약품 제조업
006840.KS,006840,AK홀딩스,KOSPI,기타 금융업
035000.KS,035000,HS애드,KOSPI,광고업
006650.KS,006650,대한유화,KOSPI,기초 화학물질 제조업
035150.KS,035150,백산,KOSPI,플라스틱제품 제조업
033250.KS,033250,체시스,KOSPI,자동차 신품 부품 제조업
033230.KQ,033230,인성정보,KOSDAQ,"컴퓨터 프로그래밍, 시스템 통합 및 관리업"
035080.KQ,035080,그래디언트,KOSDAQ,무점포 소매업
005160.KQ,005160,동국산업,KOSDAQ,1차 철강 제조업
005990.KQ,005990,매일홀딩스,KOSDAQ,동·식물성 유지 및 낙농제품 제조업
034810.KQ,034810,해성산업,KOSDAQ,기타 금융업
033240.KS,033240,자화전자,KOSPI,전자부품 제조업
030200.KS,030200,케이티,KOSPI,전기 통신업
019490.KS,019490,엑시큐어하이트론,KOSPI,영상 및 음향기기 제조업
030000.KS,030000,제일기획,KOSPI,광고업
025770.KQ,025770,한국정보통신,KOSDAQ,전기 통신업
033540.KQ,033540,파라텍,KOSDAQ,특수 목적용 기계 제조업
033500.KQ,033500,동성화인텍,KOSDAQ,기초 화학물질 제조업
026890.KS,026890,스틱인베스트먼트,KOSPI,신탁업 및 집합투자업
029460.KS,029460,케이씨,KOSPI,"측정, 시험, 항해, 제어 및 기타 정밀기기 제조업; 광학기기 제외"
030350.KQ,030350,드래곤플라이,KOSDAQ,소프트웨어 개발 및 공급업
033160.KQ,033160,엠케이전자,KOSDAQ,전자부품 제조업
033310.KQ,033310,엠투엔,KOSDAQ,전자부품 제조업
033320.KQ,033320,제이씨현시스템,KOSDAQ,기계장비 및 관련 물품 도매업
009520.KQ,009520,포스코엠텍,KOSDAQ,1차 철강 제조업
013810.KQ,013810,스페코,KOSDAQ,특수 목적용 기계 제조업
033340.KQ,033340,좋은사람들,KOSDAQ,봉제의복 제조업
024890.KS,024890,대원화성,KOSPI,플라스틱제품 제조업
033290.KQ,033290,로젠,KOSDAQ,"섬유, 의복, 신발 및 가죽제품 소매업"
033200.KQ,033200,모아텍,KOSDAQ,전자부품 제조업
015710.KQ,015710,코콤,KOSDAQ,통신 및 방송 장비 제조업
017940.KS,017940,E1,KOSPI,기타 전문 도매업
018670.KS,018670,SK가스,KOSPI,기타 전문 도매업
023590.KS,023590,다우기술,KOSPI,"자료처리, 호스팅, 포털 및 기타 인터넷 정보매개 서비스업"
014440.KS,014440,영보화학,KOSPI,플라스틱제품 제조업
033100.KQ,033100,제룡전기,KOSDAQ,"전동기, 발전기 및 전기 변환 · 공급 · 제어 장치 제조업"
033050.KQ,033050,제이엠아이,KOSDAQ,기타 화학제품 제조업
033130.KQ,033130,디지틀조선,KOSDAQ,"자료처리, 호스팅, 포털 및 기타 인터넷 정보매개 서비스업"
019210.KQ,019210,와이지-원,KOSDAQ,기타 금속 가공제품 제조업
026150.KQ,026150,특수건설,KOSDAQ,토목 건설업
031310.KQ,031310,아이즈비전,KOSDAQ,전기 통신업
011790.KS,011790,SKC,KOSPI,기타 화학제품 제조업
032960.KQ,032960,동일기연,KOSDAQ,전자부품 제조업
032680.KQ,032680,소프트센,KOSDAQ,기타 정보 서비스업
032940.KQ,032940,원익,KOSDAQ,기계장비 및 관련 물품 도매업
008290.KQ,008290,원풍물산,KOSDAQ,봉제의복 제조업
025890.KS,025890,한국주강,KOSPI,특수 목적용 기계 제조업
032750.KQ,032750,삼진,KOSDAQ,통신 및 방송 장비 제조업
032860.KQ,032860,더라미,KOSDAQ,"해체, 선별 및 원료 재생업"
032850.KQ,032850,비트컴퓨터,KOSDAQ,소프트웨어 개발 및 공급업
032790.KQ,032790,엠젠솔루션,KOSDAQ,기계장비 및 관련 물품 도매업
032800.KQ,032800,판타지오,KOSDAQ,창작 및 예술관련 서비스업
024900.KS,024900,디와이덕양,KOSPI,자동차 신품 부품 제조업
023960.KS,023960,에쓰씨엔지니어링,KOSPI,토목 건설업
023800.KS,023800,인지컨트롤스,KOSPI,자동차 신품 부품 제조업
032620.KQ,032620,GC메디아이,KOSDAQ,소프트웨어 개발 및 공급업
032580.KQ,032580,피델릭스,KOSDAQ,반도체 제조업
032540.KQ,032540,TJ미디어,KOSDAQ,영상 및 음향기기 제조업
028080.KQ,028080,휴맥스홀딩스,KOSDAQ,"컴퓨터 프로그래밍, 시스템 통합 및 관리업"
032280.KQ,032280,삼일,KOSDAQ,도로 화물 운송업
012320.KS,012320,경동인베스트,KOSPI,기타 금융업
012340.KQ,012340,뉴인텍,KOSDAQ,자동차 신품 부품 제조업
031820.KS,031820,아이티센씨티에스,KOSPI,"컴퓨터 프로그래밍, 시스템 통합 및 관리업"
025530.KS,025530,에스제이엠홀딩스,KOSPI,자동차 부품 및 내장품 판매업
031510.KQ,031510,오스템,KOSDAQ,자동차 신품 부품 제조업
031860.KQ,031860,디에이치엑스컴퍼니,KOSDAQ,상품 종합 도매업
031980.KQ,031980,피에스케이홀딩스,KOSDAQ,특수 목적용 기계 제조업
000660.KS,000660,SK하이닉스,KOSPI,반도체 제조업
015360.KS,015360,INVENI,KOSPI,회사 본부 및 경영 컨설팅 서비스업
023150.KS,023150,MH에탄올,KOSPI,알코올음료 제조업
023450.KS,023450,동남합성,KOSPI,기초 화학물질 제조업
028050.KS,028050,삼성E&A,KOSPI,"건축기술, 엔지니어링 및 관련 기술 서비스업"
029530.KS,029530,신도리코,KOSPI,컴퓨터 및 주변장치 제조업
005320.KS,005320,온타이드,KOSPI,생활용품 도매업
016800.KS,016800,퍼시스,KOSPI,가구 제조업
011560.KQ,011560,세보엠이씨,KOSDAQ,건물설비 설치 공사업
024740.KQ,024740,한일단조,KOSDAQ,자동차 신품 부품 제조업
024070.KS,024070,WISCOM,KOSPI,플라스틱제품 제조업
030720.KS,030720,동원수산,KOSPI,어로 어업
025560.KS,025560,미래산업,KOSPI,"측정, 시험, 항해, 제어 및 기타 정밀기기 제조업; 광학기기 제외"
030210.KS,030210,다올투자증권,KOSPI,금융 지원 서비스업
030960.KQ,030960,양지사,KOSDAQ,인쇄 및 인쇄관련 산업
012630.KS,012630,HDC,KOSPI,기타 금융업
017900.KS,017900,광전자,KOSPI,반도체 제조업
025540.KS,025540,한국단자공업,KOSPI,"전동기, 발전기 및 전기 변환 · 공급 · 제어 장치 제조업"
030530.KQ,030530,원익홀딩스,KOSDAQ,기초 화학물질 제조업
030520.KQ,030520,한컴,KOSDAQ,소프트웨어 개발 및 공급업
021880.KQ,021880,메이슨캐피탈,KOSDAQ,기타 금융업
029480.KQ,029480,광무,KOSDAQ,통신 및 방송 장비 제조업
021040.KQ,021040,대호특수강,KOSDAQ,1차 철강 제조업
003160.KS,003160,디아이,KOSPI,"측정, 시험, 항해, 제어 및 기타 정밀기기 제조업; 광학기기 제외"
011930.KS,011930,신성이엔지,KOSPI,반도체 제조업
019180.KS,019180,티에이치엔,KOSPI,기타 전기장비 제조업
018880.KS,018880,한온시스템,KOSPI,일반 목적용 기계 제조업
028300.KQ,028300,HLB,KOSDAQ,의료용품 및 기타 의약 관련제품 제조업
027710.KQ,027710,팜스토리,KOSDAQ,동물용 사료 및 조제식품 제조업
006740.KS,006740,블루산업개발,KOSPI,"골판지, 종이 상자 및 종이용기 제조업"
021820.KS,021820,세원정공,KOSPI,자동차 신품 부품 제조업
000910.KS,000910,유니온,KOSPI,"시멘트, 석회, 플라스터 및 그 제품 제조업"
020120.KS,020120,키다리스튜디오,KOSPI,"자료처리, 호스팅, 포털 및 기타 인터넷 정보매개 서비스업"
027970.KS,027970,한국제지,KOSPI,"펄프, 종이 및 판지 제조업"
020000.KS,020000,한섬,KOSPI,봉제의복 제조업
017800.KS,017800,현대엘리베이터,KOSPI,일반 목적용 기계 제조업
016580.KS,016580,환인제약,KOSPI,의약품 제조업
023600.KQ,023600,삼보판지,KOSDAQ,"펄프, 종이 및 판지 제조업"
018310.KQ,018310,삼목에스폼,KOSDAQ,"구조용 금속제품, 탱크 및 증기발생기 제조업"
003800.KQ,003800,에이스침대,KOSDAQ,가구 제조업
014190.KQ,014190,원익큐브,KOSDAQ,기타 전문 도매업
013580.KS,013580,계룡건설산업,KOSPI,토목 건설업
021050.KS,021050,서원,KOSPI,금속 주조업
012750.KS,012750,에스원,KOSPI,"경비, 경호 및 탐정업"
015890.KS,015890,태경산업,KOSPI,기초 화학물질 제조업
012700.KQ,012700,리드코프,KOSDAQ,기타 전문 도매업
018000.KQ,018000,유니슨,KOSDAQ,일반 목적용 기계 제조업
025980.KQ,025980,아난티,KOSDAQ,일반 및 생활 숙박시설 운영업
026910.KQ,026910,광진실업,KOSDAQ,1차 철강 제조업
017250.KQ,017250,인터엠,KOSDAQ,영상 및 음향기기 제조업
016590.KS,016590,신대양제지,KOSPI,"골판지, 종이 상자 및 종이용기 제조업"
011690.KS,011690,와이투솔루션,KOSPI,반도체 제조업
025860.KS,025860,남해화학,KOSPI,"비료, 농약 및 살균, 살충제 제조업"
018500.KS,018500,동원모빌리티,KOSPI,자동차 신품 부품 제조업
011300.KS,011300,우성머티리얼스,KOSPI,직물직조 및 직물제품 제조업
015750.KQ,015750,성우하이텍,KOSDAQ,자동차 신품 부품 제조업
020180.KQ,020180,대신정보통신,KOSDAQ,"컴퓨터 프로그래밍, 시스템 통합 및 관리업"
020180.KQ,020180,대신정보통신,KOSDAQ,"컴퓨터 프로그래밍, 시스템 통합 및 관리업"
006730.KQ,006730,서부T&D,KOSDAQ,일반 및 생활 숙박시설 운영업
011200.KS,011200,HMM,KOSPI,해상 운송업
012610.KS,012610,경인양행,KOSPI,기초 화학물질 제조업
017810.KS,017810,풀무원,KOSPI,기타 식품 제조업
017390.KS,017390,서울도시가스,KOSPI,연료용 가스 제조 및 배관공급업
025820.KS,025820,이구산업,KOSPI,1차 비철금속 제조업
025950.KQ,025950,동신건설,KOSDAQ,토목 건설업
025900.KQ,025900,동화기업,KOSDAQ,나무제품 제조업
011090.KS,011090,에넥스,KOSPI,가구 제조업
007460.KS,007460,에이프로젠,KOSPI,의약품 제조업
025620.KS,025620,차AI헬스케어,KOSPI,기타 화학제품 제조업
017960.KS,017960,한국카본,KOSPI,"구조용 금속제품, 탱크 및 증기발생기 제조업"
025870.KQ,025870,신라에스지,KOSDAQ,음·식료품 및 담배 도매업
025880.KQ,025880,케이씨피드,KOSDAQ,동물용 사료 및 조제식품 제조업
002680.KQ,002680,한탑,KOSDAQ,"곡물가공품, 전분 및 전분제품 제조업"
025550.KQ,025550,한국선재,KOSDAQ,1차 철강 제조업
025440.KQ,025440,DH오토웨어,KOSDAQ,영상 및 음향기기 제조업
025440.KQ,025440,DH오토웨어,KOSDAQ,영상 및 음향기기 제조업
025320.KQ,025320,시노펙스,KOSDAQ,전자부품 제조업
024940.KQ,024940,PN풍년,KOSDAQ,생활용품 도매업
024950.KQ,024950,삼천리자전거,KOSDAQ,생활용품 도매업
014100.KQ,014100,메디앙스,KOSDAQ,상품 종합 도매업
024840.KQ,024840,KBI메탈,KOSDAQ,1차 비철금속 제조업
024910.KQ,024910,경창산업,KOSDAQ,자동차 신품 부품 제조업
004780.KQ,004780,대륙제관,KOSDAQ,기타 금속 가공제품 제조업
013120.KQ,013120,동원개발,KOSDAQ,건물 건설업
024830.KQ,024830,세원물산,KOSDAQ,자동차 신품 부품 제조업
024880.KQ,024880,케이피에프,KOSDAQ,기타 금속 가공제품 제조업
025000.KS,025000,KPX케미칼,KOSPI,기초 화학물질 제조업
007980.KS,007980,TP,KOSPI,봉제의복 제조업
010580.KS,010580,에스엠벡셀,KOSPI,자동차 신품 부품 제조업
024120.KQ,024120,KB오토시스,KOSDAQ,자동차 신품 부품 제조업
017000.KQ,017000,신원종합개발,KOSDAQ,건물 건설업
024060.KQ,024060,흥구석유,KOSDAQ,기타 전문 도매업
023910.KQ,023910,대한약품,KOSDAQ,의약품 제조업
001840.KQ,001840,이화공영,KOSDAQ,건물 건설업
023900.KQ,023900,풍국주정,KOSDAQ,알코올음료 제조업
017650.KQ,017650,대림제지,KOSDAQ,기타 종이 및 판지 제품 제조업
010170.KQ,010170,대한광통신,KOSDAQ,절연선 및 케이블 제조업
023790.KQ,023790,동일스틸럭스,KOSDAQ,1차 철강 제조업
023770.KQ,023770,플레이위드,KOSDAQ,소프트웨어 개발 및 공급업
023760.KQ,023760,한국캐피탈,KOSDAQ,기타 금융업
005860.KQ,005860,한일사료,KOSDAQ,동물용 사료 및 조제식품 제조업
009440.KS,009440,KC그린홀딩스,KOSPI,기타 금융업
008420.KS,008420,문배철강,KOSPI,1차 철강 제조업
016880.KS,016880,웅진,KOSPI,기타 금융업
012860.KQ,012860,모베이스전자,KOSDAQ,자동차 신품 부품 제조업
006050.KQ,006050,국영지앤엠,KOSDAQ,유리 및 유리제품 제조업
023410.KQ,023410,유진기업,KOSDAQ,"시멘트, 석회, 플라스터 및 그 제품 제조업"
023440.KQ,023440,제이스코홀딩스,KOSDAQ,1차 철강 제조업
006910.KQ,006910,보성파워텍,KOSDAQ,"구조용 금속제품, 탱크 및 증기발생기 제조업"
018290.KQ,018290,브이티,KOSDAQ,기타 화학제품 제조업
023160.KQ,023160,태광,KOSDAQ,1차 철강 제조업
014790.KS,014790,HL D&I,KOSPI,토목 건설업
007310.KS,007310,오뚜기,KOSPI,기타 식품 제조업
007530.KQ,007530,와이엠,KOSDAQ,기타 금속 가공제품 제조업
010120.KS,010120,엘에스일렉트릭,KOSPI,"전동기, 발전기 및 전기 변환 · 공급 · 제어 장치 제조업"
001000.KQ,001000,신라섬유,KOSDAQ,부동산 임대 및 공급업
012620.KQ,012620,원일특강,KOSDAQ,1차 철강 제조업
011370.KQ,011370,서한,KOSDAQ,건물 건설업
009190.KS,009190,대양금속,KOSPI,1차 철강 제조업
000760.KS,000760,이화산업,KOSPI,기타 전문 도매업
014820.KS,014820,동원시스템즈,KOSPI,플라스틱제품 제조업
018700.KQ,018700,졸스,KOSDAQ,생활용품 도매업
014470.KQ,014470,부방,KOSDAQ,부동산 임대 및 공급업
010140.KS,010140,삼성중공업,KOSPI,선박 및 보트 건조업
009680.KS,009680,모토닉,KOSPI,자동차 신품 부품 제조업
010690.KS,010690,화신,KOSPI,자동차 신품 부품 제조업
007720.KQ,007720,소노스퀘어,KOSDAQ,상품 종합 도매업
011320.KQ,011320,유니크,KOSDAQ,자동차 신품 부품 제조업
018120.KQ,018120,진로발효,KOSDAQ,알코올음료 제조업
013720.KQ,013720,청보,KOSDAQ,자동차 신품 부품 제조업
009620.KQ,009620,삼보산업,KOSDAQ,1차 비철금속 제조업
005670.KQ,005670,푸드웰,KOSDAQ,"과실, 채소 가공 및 저장 처리업"
007330.KQ,007330,푸른저축은행,KOSDAQ,은행 및 저축기관
006140.KQ,006140,피제이전자,KOSDAQ,의료용 기기 제조업
019010.KQ,019010,베뉴지,KOSDAQ,종합 소매업
009780.KQ,009780,엠에스씨,KOSDAQ,기타 식품 제조업
000390.KS,000390,SP삼화,KOSPI,기타 화학제품 제조업
009450.KS,009450,경동나비엔,KOSPI,가정용 기기 제조업
020400.KQ,020400,대동금속,KOSDAQ,금속 주조업
005710.KQ,005710,대원산업,KOSDAQ,자동차 신품 부품 제조업
016600.KQ,016600,큐캐피탈,KOSDAQ,기타 금융업
004590.KQ,004590,한국가구,KOSDAQ,기타 상품 전문 소매업
016670.KQ,016670,디모아,KOSDAQ,기타 전문 도매업
000440.KQ,000440,중앙에너비스,KOSDAQ,기타 전문 도매업
012030.KS,012030,DB,KOSPI,"컴퓨터 프로그래밍, 시스템 통합 및 관리업"
005090.KS,005090,SGC에너지,KOSPI,전기업
014970.KQ,014970,삼륭물산,KOSDAQ,"골판지, 종이 상자 및 종이용기 제조업"
005750.KS,005750,대림바스,KOSPI,"내화, 비내화 요업제품 제조업"
011040.KQ,011040,경동제약,KOSDAQ,의약품 제조업
008370.KQ,008370,원풍,KOSDAQ,플라스틱제품 제조업
007390.KQ,007390,네이처셀,KOSDAQ,기초 의약물질 제조업
002290.KQ,002290,삼일기업공사,KOSDAQ,건물 건설업
019540.KQ,019540,일지테크,KOSDAQ,자동차 신품 부품 제조업
007770.KQ,007770,한일화학,KOSDAQ,기초 화학물질 제조업
017890.KQ,017890,한국알콜,KOSDAQ,기타 화학제품 제조업
003310.KQ,003310,대주산업,KOSDAQ,동물용 사료 및 조제식품 제조업
019660.KQ,019660,글로본,KOSDAQ,상품 종합 도매업
005880.KS,005880,대한해운,KOSPI,해상 운송업
017510.KQ,017510,세명전기,KOSDAQ,기타 금속 가공제품 제조업
005870.KS,005870,휴니드테크놀러지스,KOSPI,통신 및 방송 장비 제조업
017550.KS,017550,수산세보틱스,KOSPI,특수 목적용 기계 제조업
021080.KQ,021080,에이티넘인베스트,KOSDAQ,신탁업 및 집합투자업
011170.KS,011170,롯데케미칼,KOSPI,기초 화학물질 제조업
008830.KQ,008830,대동기어,KOSDAQ,특수 목적용 기계 제조업
001430.KS,001430,세아베스틸지주,KOSPI,1차 철강 제조업
008770.KS,008770,호텔신라,KOSPI,기타 상품 전문 소매업
014580.KS,014580,태경비케이,KOSPI,"시멘트, 석회, 플라스터 및 그 제품 제조업"
013520.KS,013520,화승코퍼레이션,KOSPI,자동차 신품 부품 제조업
004080.KS,004080,신흥,KOSPI,기계장비 및 관련 물품 도매업
006060.KS,006060,화승인더스트리,KOSPI,상품 종합 도매업
014530.KS,014530,극동유화,KOSPI,석유 정제품 제조업
002140.KS,002140,고려산업,KOSPI,"곡물가공품, 전분 및 전분제품 제조업"
002230.KQ,002230,피에스텍,KOSDAQ,"측정, 시험, 항해, 제어 및 기타 정밀기기 제조업; 광학기기 제외"
016090.KS,016090,대현,KOSPI,봉제의복 제조업
001620.KS,001620,케이비아이동국실업,KOSPI,자동차 신품 부품 제조업
017040.KS,017040,광명전기,KOSPI,"전동기, 발전기 및 전기 변환 · 공급 · 제어 장치 제조업"
011390.KS,011390,부산산업,KOSPI,"시멘트, 석회, 플라스터 및 그 제품 제조업"
011810.KS,011810,STX,KOSPI,상품 종합 도매업
010130.KS,010130,고려아연,KOSPI,1차 비철금속 제조업
009730.KQ,009730,이렘,KOSDAQ,1차 철강 제조업
004720.KS,004720,팜젠사이언스,KOSPI,의약품 제조업
009200.KS,009200,무림페이퍼,KOSPI,"펄프, 종이 및 판지 제조업"
001500.KS,001500,현대차증권,KOSPI,금융 지원 서비스업
008870.KS,008870,금비,KOSPI,유리 및 유리제품 제조업
005820.KS,005820,원림,KOSPI,직물직조 및 직물제품 제조업
008490.KS,008490,서흥,KOSPI,기타 화학제품 제조업
014910.KS,014910,성문전자,KOSPI,전자부품 제조업
003580.KS,003580,HLB글로벌,KOSPI,종합 소매업
015860.KS,015860,일진홀딩스,KOSPI,기타 금융업
014160.KS,014160,대영포장,KOSPI,"골판지, 종이 상자 및 종이용기 제조업"
012280.KS,012280,영화금속,KOSPI,자동차 신품 부품 제조업
019170.KS,019170,신풍제약,KOSPI,의약품 제조업
002210.KS,002210,동성제약,KOSPI,의약품 제조업
016920.KQ,016920,카스,KOSDAQ,기계장비 및 관련 물품 도매업
012170.KS,012170,아센디오,KOSPI,"영화, 비디오물, 방송프로그램 제작 및 배급업"
009420.KS,009420,한올바이오파마,KOSPI,의약품 제조업
013030.KQ,013030,하이록코리아,KOSDAQ,1차 철강 제조업
011330.KS,011330,유니켐,KOSPI,자동차 신품 부품 제조업
012800.KS,012800,대창,KOSPI,1차 비철금속 제조업
013360.KS,013360,일성건설,KOSPI,토목 건설업
013700.KS,013700,까뮤이앤씨,KOSPI,건물 건설업
002760.KS,002760,보락,KOSPI,기타 화학제품 제조업
007610.KS,007610,선도전기,KOSPI,"전동기, 발전기 및 전기 변환 · 공급 · 제어 장치 제조업"
004920.KS,004920,씨아이테크,KOSPI,영상 및 음향기기 제조업
009290.KS,009290,광동제약,KOSPI,의약품 제조업
011420.KS,011420,갤럭시아에스엠,KOSPI,스포츠 서비스업
004270.KS,004270,남성,KOSPI,기타 전문 도매업
001940.KS,001940,KISCO홀딩스,KOSPI,1차 철강 제조업
009410.KS,009410,태영건설,KOSPI,토목 건설업
007280.KS,007280,한국특강,KOSPI,1차 철강 제조업
009180.KS,009180,한솔로지스틱스,KOSPI,기타 운송관련 서비스업
002170.KS,002170,SYTS,KOSPI,"가죽, 가방 및 유사제품 제조업"
017670.KS,017670,SK텔레콤,KOSPI,전기 통신업
010640.KS,010640,진양폴리우레탄,KOSPI,플라스틱제품 제조업
003650.KS,003650,미창석유공업,KOSPI,석유 정제품 제조업
004380.KS,004380,삼익THK,KOSPI,일반 목적용 기계 제조업
002840.KS,002840,미원상사,KOSPI,기타 화학제품 제조업
007860.KS,007860,서연,KOSPI,기타 금융업
019550.KQ,019550,SBI인베스트먼트,KOSDAQ,신탁업 및 집합투자업
013000.KS,013000,세우글로벌,KOSPI,기타 전문 도매업
012330.KS,012330,현대모비스,KOSPI,자동차 신품 부품 제조업
001390.KS,001390,KG케미칼,KOSPI,기초 화학물질 제조업
009320.KS,009320,아진전자부품,KOSPI,자동차 신품 부품 제조업
001450.KS,001450,현대해상,KOSPI,보험업
005440.KS,005440,현대지에프홀딩스,KOSPI,기타 금융업
015760.KS,015760,한국전력공사,KOSPI,전기업
015760.KS,015760,한국전력공사,KOSPI,전기업
007690.KS,007690,국도화학,KOSPI,기초 화학물질 제조업
006280.KS,006280,녹십자,KOSPI,의약품 제조업
009160.KS,009160,SIMPAC,KOSPI,1차 철강 제조업
008600.KS,008600,윌비스,KOSPI,생활용품 도매업
015230.KS,015230,대창단조,KOSPI,자동차 신품 부품 제조업
007160.KS,007160,사조산업,KOSPI,수산물 가공 및 저장 처리업
014130.KS,014130,한익스프레스,KOSPI,도로 화물 운송업
008040.KS,008040,사조동아원,KOSPI,"곡물가공품, 전분 및 전분제품 제조업"
009140.KS,009140,경인전자,KOSPI,전자부품 제조업
009580.KS,009580,무림P&P,KOSPI,"펄프, 종이 및 판지 제조업"
014990.KS,014990,인디에프,KOSPI,봉제의복 제조업
013570.KS,013570,디와이,KOSPI,기타 금융업
003610.KS,003610,방림,KOSPI,직물직조 및 직물제품 제조업
015590.KS,015590,DKME,KOSPI,일반 목적용 기계 제조업
014680.KS,014680,한솔케미칼,KOSPI,기초 화학물질 제조업
010820.KS,010820,퍼스텍,KOSPI,무기 및 총포탄 제조업
019570.KQ,019570,플루토스,KOSDAQ,신탁업 및 집합투자업
006040.KS,006040,동원산업,KOSPI,기타 금융업
008060.KS,008060,대덕,KOSPI,기타 금융업
003680.KS,003680,한성기업,KOSPI,수산물 가공 및 저장 처리업
006920.KQ,006920,모헨즈,KOSDAQ,"시멘트, 석회, 플라스터 및 그 제품 제조업"
015020.KS,015020,이스타코,KOSPI,부동산 임대 및 공급업
011280.KS,011280,태림포장,KOSPI,"골판지, 종이 상자 및 종이용기 제조업"
002310.KS,002310,아세아제지,KOSPI,"골판지, 종이 상자 및 종이용기 제조업"
010660.KS,010660,화천기계,KOSPI,특수 목적용 기계 제조업
011150.KS,011150,CJ씨푸드,KOSPI,기타 식품 제조업
001770.KS,001770,SHD,KOSPI,1차 철강 제조업
018470.KS,018470,조일알미늄,KOSPI,1차 비철금속 제조업
005850.KS,005850,에스엘,KOSPI,자동차 신품 부품 제조업
009970.KS,009970,영원무역홀딩스,KOSPI,기타 금융업
003850.KS,003850,보령,KOSPI,의약품 제조업
008250.KS,008250,이건산업,KOSPI,나무제품 제조업
012690.KS,012690,모나리자,KOSPI,기타 종이 및 판지 제품 제조업
006370.KS,006370,대구백화점,KOSPI,종합 소매업
006980.KS,006980,우성,KOSPI,"곡물가공품, 전분 및 전분제품 제조업"
002920.KS,002920,유성기업,KOSPI,자동차 신품 부품 제조업
002220.KS,002220,한일철강,KOSPI,1차 철강 제조업
002450.KS,002450,삼익악기,KOSPI,악기 제조업
002460.KS,002460,HS화성,KOSPI,건물 건설업
007340.KS,007340,DN오토모티브,KOSPI,일차전지 및 이차전지 제조업
000890.KS,000890,보해양조,KOSPI,알코올음료 제조업
000890.KS,000890,보해양조,KOSPI,알코올음료 제조업
001290.KS,001290,상상인증권,KOSPI,금융 지원 서비스업
003010.KS,003010,혜인,KOSPI,기계장비 및 관련 물품 도매업
014280.KS,014280,금강공업,KOSPI,1차 철강 제조업
009810.KS,009810,플레이그램,KOSPI,기타 전문 도매업
008730.KS,008730,율촌화학,KOSPI,플라스틱제품 제조업
009270.KS,009270,신원,KOSPI,봉제의복 제조업
004140.KS,004140,동방,KOSPI,기타 운송관련 서비스업
002960.KS,002960,한국쉘석유,KOSPI,석유 정제품 제조업
003000.KS,003000,부광약품,KOSPI,의약품 제조업
005810.KS,005810,풍산홀딩스,KOSPI,기타 금융업
001270.KS,001270,부국증권,KOSPI,금융 지원 서비스업
012200.KS,012200,계양전기,KOSPI,일반 목적용 기계 제조업
004710.KS,004710,한솔테크닉스,KOSPI,전자부품 제조업
016610.KS,016610,DB증권,KOSPI,금융 지원 서비스업
008930.KS,008930,한미사이언스,KOSPI,기타 금융업
005500.KS,005500,삼진제약,KOSPI,의약품 제조업
005490.KS,005490,POSCO홀딩스,KOSPI,1차 철강 제조업
002410.KS,002410,범양건영,KOSPI,건물 건설업
005690.KS,005690,파미셀,KOSPI,전자부품 제조업
001230.KS,001230,동국홀딩스,KOSPI,기타 금융업
006340.KS,006340,대원전선,KOSPI,절연선 및 케이블 제조업
005950.KS,005950,이수화학,KOSPI,기초 화학물질 제조업
016360.KS,016360,삼성증권,KOSPI,금융 지원 서비스업
002810.KS,002810,삼영무역,KOSPI,기타 전문 도매업
001750.KS,001750,한양증권,KOSPI,금융 지원 서비스업
011780.KS,011780,금호석유화학,KOSPI,기초 화학물질 제조업
003470.KS,003470,유안타증권,KOSPI,금융 지원 서비스업
002620.KS,002620,제일파마홀딩스,KOSPI,회사 본부 및 경영 컨설팅 서비스업
015260.KS,015260,에이엔피,KOSPI,전자부품 제조업
009460.KS,009460,한창제지,KOSPI,"펄프, 종이 및 판지 제조업"
005720.KS,005720,넥센,KOSPI,고무제품 제조업
006660.KS,006660,삼성공조,KOSPI,자동차 신품 부품 제조업
004490.KS,004490,세방전지,KOSPI,일차전지 및 이차전지 제조업
011000.KS,011000,진원생명과학,KOSPI,의약품 제조업
009310.KS,009310,참엔지니어링,KOSPI,특수 목적용 기계 제조업
010100.KS,010100,한국무브넥스,KOSPI,자동차 신품 부품 제조업
005070.KS,005070,코스모신소재,KOSPI,기타 화학제품 제조업
004830.KS,004830,덕성,KOSPI,플라스틱제품 제조업
001720.KS,001720,신영증권,KOSPI,금융 지원 서비스업
001200.KS,001200,유진증권,KOSPI,금융 지원 서비스업
003460.KS,003460,유화증권,KOSPI,금융 지원 서비스업
011700.KS,011700,한신기계공업,KOSPI,일반 목적용 기계 제조업
005420.KS,005420,코스모화학,KOSPI,기타 화학제품 제조업
000500.KS,000500,가온전선,KOSPI,절연선 및 케이블 제조업
010950.KS,010950,S-Oil,KOSPI,석유 정제품 제조업
012450.KS,012450,한화에어로스페이스,KOSPI,"항공기,우주선 및 부품 제조업"
011230.KS,011230,삼화전자공업,KOSPI,영상 및 음향기기 제조업
004020.KS,004020,현대제철,KOSPI,1차 철강 제조업
004770.KS,004770,써니전자,KOSPI,전자부품 제조업
004560.KS,004560,현대비앤지스틸,KOSPI,1차 철강 제조업
006090.KS,006090,사조오양,KOSPI,수산물 가공 및 저장 처리업
003530.KS,003530,한화투자증권,KOSPI,금융 지원 서비스업
009470.KS,009470,삼화전기,KOSPI,전자부품 제조업
001510.KS,001510,SK증권,KOSPI,금융 지원 서비스업
010770.KS,010770,평화홀딩스,KOSPI,자동차 신품 부품 제조업
007110.KS,007110,일신석재,KOSPI,"건축자재, 철물 및 난방장치 도매업"
016380.KS,016380,KG스틸,KOSPI,1차 철강 제조업
010780.KS,010780,아이에스동서,KOSPI,"시멘트, 석회, 플라스터 및 그 제품 제조업"
002360.KS,002360,SH에너지화학,KOSPI,기초 화학물질 제조업
003830.KS,003830,대한화섬,KOSPI,화학섬유 제조업
007810.KS,007810,코리아써키트,KOSPI,전자부품 제조업
004170.KS,004170,신세계,KOSPI,종합 소매업
010060.KS,010060,OCI홀딩스,KOSPI,기타 금융업
000520.KS,000520,삼일제약,KOSPI,의약품 제조업
006490.KS,006490,프리티,KOSPI,전기 통신업
003120.KS,003120,일성아이에스,KOSPI,의약품 제조업
000720.KS,000720,현대건설,KOSPI,토목 건설업
002710.KS,002710,TCC스틸,KOSPI,1차 철강 제조업
003060.KS,003060,에이프로젠바이오로직스,KOSPI,의약품 제조업
007700.KS,007700,F&F 홀딩스,KOSPI,기타 금융업
008700.KS,008700,아남전자,KOSPI,영상 및 음향기기 제조업
006360.KS,006360,GS건설,KOSPI,건물 건설업
006110.KS,006110,삼아알미늄,KOSPI,1차 비철금속 제조업
006200.KS,006200,한국전자홀딩스,KOSPI,기타 금융업
006400.KS,006400,삼성SDI,KOSPI,일차전지 및 이차전지 제조업
009150.KS,009150,삼성전기,KOSPI,전자부품 제조업
005960.KS,005960,동부건설,KOSPI,토목 건설업
009070.KS,009070,케이씨티시,KOSPI,도로 화물 운송업
003070.KS,003070,코오롱글로벌,KOSPI,토목 건설업
005180.KS,005180,빙그레,KOSPI,동·식물성 유지 및 낙농제품 제조업
005250.KS,005250,녹십자홀딩스,KOSPI,회사 본부 및 경영 컨설팅 서비스업
000480.KS,000480,시알홀딩스,KOSPI,"내화, 비내화 요업제품 제조업"
000480.KS,000480,시알홀딩스,KOSPI,"내화, 비내화 요업제품 제조업"
004310.KS,004310,현대약품,KOSPI,의약품 제조업
003920.KS,003920,남양유업,KOSPI,동·식물성 유지 및 낙농제품 제조업
008350.KS,008350,남선알미늄,KOSPI,1차 비철금속 제조업
003350.KS,003350,한국화장품제조,KOSPI,기타 화학제품 제조업
011760.KS,011760,현대코퍼레이션,KOSPI,상품 종합 도매업
006260.KS,006260,LS,KOSPI,기타 금융업
001740.KS,001740,SK네트웍스,KOSPI,기타 전문 도매업
002100.KS,002100,경농,KOSPI,"비료, 농약 및 살균, 살충제 제조업"
004870.KS,004870,티웨이홀딩스,KOSPI,"시멘트, 석회, 플라스터 및 그 제품 제조업"
007590.KS,007590,동방아그로,KOSPI,"비료, 농약 및 살균, 살충제 제조업"
004430.KS,004430,송원산업,KOSPI,기타 화학제품 제조업
002780.KS,002780,진흥기업,KOSPI,토목 건설업
004090.KS,004090,한국석유공업,KOSPI,기타 비금속 광물제품 제조업
000650.KS,000650,천일고속,KOSPI,육상 여객 운송업
000430.KS,000430,대원강업,KOSPI,자동차 신품 부품 제조업
001080.KS,001080,만호제강,KOSPI,1차 철강 제조업
004700.KS,004700,조광피혁,KOSPI,"가죽, 가방 및 유사제품 제조업"
004360.KS,004360,세방,KOSPI,도로 화물 운송업
008970.KS,008970,KBI동양철관,KOSPI,1차 철강 제조업
002880.KS,002880,디와이에이,KOSPI,자동차 신품 부품 제조업
002880.KS,002880,디와이에이,KOSPI,자동차 신품 부품 제조업
001260.KS,001260,남광토건,KOSPI,토목 건설업
005680.KS,005680,삼영전자공업,KOSPI,전자부품 제조업
005800.KS,005800,신영와코루,KOSPI,봉제의복 제조업
002630.KS,002630,오리엔트바이오,KOSPI,의약품 제조업
001550.KS,001550,조비,KOSPI,"비료, 농약 및 살균, 살충제 제조업"
005430.KS,005430,한국공항,KOSPI,기타 운송관련 서비스업
004910.KS,004910,조광페인트,KOSPI,기타 화학제품 제조업
003080.KS,003080,SB성보,KOSPI,"비료, 농약 및 살균, 살충제 제조업"
004690.KS,004690,삼천리,KOSPI,연료용 가스 제조 및 배관공급업
002600.KS,002600,조흥,KOSPI,기타 식품 제조업
001570.KS,001570,금양,KOSPI,기초 화학물질 제조업
003960.KS,003960,사조대림,KOSPI,수산물 가공 및 저장 처리업
002070.KS,002070,비비안,KOSPI,봉제의복 제조업
003570.KS,003570,SNT다이내믹스,KOSPI,자동차 신품 부품 제조업
004960.KS,004960,한신공영,KOSPI,건물 건설업
004370.KS,004370,농심,KOSPI,기타 식품 제조업
003720.KS,003720,삼영,KOSPI,플라스틱제품 제조업
004980.KS,004980,성신양회,KOSPI,"시멘트, 석회, 플라스터 및 그 제품 제조업"
004970.KS,004970,신라교역,KOSPI,어로 어업
002870.KS,002870,신풍,KOSPI,기타 전문 도매업
001630.KS,001630,종근당홀딩스,KOSPI,의약품 제조업
005740.KS,005740,크라운해태홀딩스,KOSPI,기타 금융업
002390.KS,002390,한독,KOSPI,의약품 제조업
001380.KS,001380,SG글로벌,KOSPI,자동차 신품 부품 제조업
006120.KS,006120,SK디스커버리,KOSPI,기타 금융업
007540.KS,007540,샘표,KOSPI,기타 금융업
003280.KS,003280,흥아해운,KOSPI,해상 운송업
001250.KS,001250,GS글로벌,KOSPI,상품 종합 도매업
002990.KS,002990,금호건설,KOSPI,건물 건설업
002990.KS,002990,금호건설,KOSPI,건물 건설업
001470.KS,001470,삼부토건,KOSPI,토목 건설업
001820.KS,001820,삼화콘덴서공업,KOSPI,전자부품 제조업
001020.KS,001020,페이퍼코리아,KOSPI,"펄프, 종이 및 판지 제조업"
001520.KS,001520,동양,KOSPI,"시멘트, 석회, 플라스터 및 그 제품 제조업"
000880.KS,000880,한화,KOSPI,기타 화학제품 제조업
001060.KS,001060,JW중외제약,KOSPI,의약품 제조업
000670.KS,000670,영풍,KOSPI,1차 비철금속 제조업
001340.KS,001340,PKC,KOSPI,기초 화학물질 제조업
000180.KS,000180,성창기업지주,KOSPI,회사 본부 및 경영 컨설팅 서비스업
005110.KS,005110,한창,KOSPI,기계장비 및 관련 물품 도매업
004450.KS,004450,삼화왕관,KOSPI,기타 금속 가공제품 제조업
000040.KS,000040,KR모터스,KOSPI,그외 기타 운송장비 제조업
002240.KS,002240,고려제강,KOSPI,1차 철강 제조업
004100.KS,004100,태양금속공업,KOSPI,자동차 신품 부품 제조업
002820.KS,002820,SUN&L,KOSPI,플라스틱제품 제조업
004840.KS,004840,DRB동일,KOSPI,고무제품 제조업
002350.KS,002350,넥센타이어,KOSPI,고무제품 제조업
004060.KS,004060,SG세계물산,KOSPI,상품 종합 도매업
004000.KS,004000,롯데정밀화학,KOSPI,기초 화학물질 제조업
000020.KS,000020,동화약품,KOSPI,의약품 제조업
000210.KS,000210,DL,KOSPI,기초 화학물질 제조업
001120.KS,001120,LX인터내셔널,KOSPI,상품 중개업
002720.KS,002720,국제약품,KOSPI,의약품 제조업
003240.KS,003240,태광산업,KOSPI,화학섬유 제조업
005030.KS,005030,부산주공,KOSPI,자동차 신품 부품 제조업
000590.KS,000590,CS홀딩스,KOSPI,기타 금융업
000990.KS,000990,DB하이텍,KOSPI,반도체 제조업
006570.KS,006570,대림통상,KOSPI,기타 금속 가공제품 제조업
000220.KS,000220,유유제약,KOSPI,의약품 제조업
000860.KS,000860,강남제비스코,KOSPI,기타 화학제품 제조업
003540.KS,003540,대신증권,KOSPI,금융 지원 서비스업
005940.KS,005940,NH투자증권,KOSPI,금융 지원 서비스업
006800.KS,006800,미래에셋증권,KOSPI,금융 지원 서비스업
002700.KS,002700,신일전자,KOSPI,기계장비 및 관련 물품 도매업
001360.KS,001360,삼성제약,KOSPI,의약품 제조업
000810.KS,000810,삼성화재해상보험,KOSPI,보험업
003230.KS,003230,삼양식품,KOSPI,기타 식품 제조업
000370.KS,000370,한화손해보험,KOSPI,보험업
008260.KS,008260,NI스틸,KOSPI,1차 철강 제조업
000230.KS,000230,일동홀딩스,KOSPI,의약품 제조업
000490.KS,000490,대동,KOSPI,특수 목적용 기계 제조업
001800.KS,001800,오리온홀딩스,KOSPI,기타 금융업
004540.KS,004540,깨끗한나라,KOSPI,"펄프, 종이 및 판지 제조업"
001420.KS,001420,태원물산,KOSPI,자동차 신품 부품 제조업
002020.KS,002020,코오롱,KOSPI,기타 금융업
005930.KS,005930,삼성전자,KOSPI,통신 및 방송 장비 제조업
000300.KS,000300,DH오토넥스,KOSPI,자동차 신품 부품 제조업
001460.KS,001460,BYC,KOSPI,봉제의복 제조업
003620.KS,003620,KG모빌리티,KOSPI,자동차용 엔진 및 자동차 제조업
005610.KS,005610,삼립,KOSPI,기타 식품 제조업
000540.KS,000540,흥국화재,KOSPI,보험업
007570.KS,007570,일양약품,KOSPI,의약품 제조업
002320.KS,002320,한진,KOSPI,도로 화물 운송업
002200.KS,002200,한국수출포장공업,KOSPI,"골판지, 종이 상자 및 종이용기 제조업"
005380.KS,005380,현대자동차,KOSPI,자동차용 엔진 및 자동차 제조업
005360.KS,005360,모나미,KOSPI,생활용품 도매업
009830.KS,009830,한화솔루션,KOSPI,기초 화학물질 제조업
002030.KS,002030,아세아,KOSPI,회사 본부 및 경영 컨설팅 서비스업
006380.KS,006380,카프로,KOSPI,기초 화학물질 제조업
004990.KS,004990,롯데지주,KOSPI,기타 금융업
001070.KS,001070,대한방직,KOSPI,직물직조 및 직물제품 제조업
004410.KS,004410,서울식품공업,KOSPI,기타 식품 제조업
000680.KS,000680,LS네트웍스,KOSPI,상품 종합 도매업
001210.KS,001210,금호전기,KOSPI,전구 및 조명장치 제조업
000140.KS,000140,하이트진로홀딩스,KOSPI,기타 금융업
000320.KS,000320,노루홀딩스,KOSPI,기타 금융업
000270.KS,000270,기아,KOSPI,자동차용 엔진 및 자동차 제조업
004800.KS,004800,효성,KOSPI,기타 금융업
001040.KS,001040,CJ,KOSPI,기타 금융업
000150.KS,000150,두산,KOSPI,전자부품 제조업
005010.KS,005010,휴스틸,KOSPI,1차 철강 제조업
005830.KS,005830,DB손해보험,KOSPI,보험업
002900.KS,002900,TYM,KOSPI,특수 목적용 기계 제조업
003090.KS,003090,대웅,KOSPI,의약품 제조업
003780.KS,003780,진양산업,KOSPI,플라스틱제품 제조업
003520.KS,003520,영진약품,KOSPI,의약품 제조업
002380.KS,002380,케이씨씨,KOSPI,기타 화학제품 제조업
005300.KS,005300,롯데칠성음료,KOSPI,비알코올음료 및 얼음 제조업
003200.KS,003200,일신방직,KOSPI,방적 및 가공사 제조업
002790.KS,002790,아모레퍼시픽홀딩스,KOSPI,기타 화학제품 제조업
006220.KS,006220,제주은행,KOSPI,은행 및 저축기관
004150.KS,004150,한솔홀딩스,KOSPI,기타 금융업
007210.KS,007210,벽산,KOSPI,기타 비금속 광물제품 제조업
000400.KS,000400,롯데손해보험,KOSPI,보험업
001130.KS,001130,대한제분,KOSPI,"곡물가공품, 전분 및 전분제품 제조업"
001680.KS,001680,대상,KOSPI,기타 식품 제조업
003550.KS,003550,LG,KOSPI,기타 금융업
000640.KS,000640,동아쏘시오홀딩스,KOSPI,기타 금융업
003690.KS,003690,코리안리,KOSPI,재 보험업
000970.KS,000970,한국주철관공업,KOSPI,1차 철강 제조업
003300.KS,003300,한일홀딩스,KOSPI,"시멘트, 석회, 플라스터 및 그 제품 제조업"
004250.KS,004250,엔피씨,KOSPI,플라스틱제품 제조업
003030.KS,003030,세아제강지주,KOSPI,기타 금융업
001440.KS,001440,대한전선,KOSPI,절연선 및 케이블 제조업
001790.KS,001790,대한제당,KOSPI,"곡물가공품, 전분 및 전분제품 제조업"
000070.KS,000070,삼양홀딩스,KOSPI,기타 금융업
002420.KS,002420,세기상사,KOSPI,연료 소매업
000240.KS,000240,한국앤컴퍼니,KOSPI,기타 금융업
000950.KS,000950,전방,KOSPI,방적 및 가공사 제조업
003490.KS,003490,대한항공,KOSPI,항공 여객 운송업
001530.KS,001530,디아이동일,KOSPI,상품 중개업
000100.KS,000100,유한양행,KOSPI,의약품 제조업
000120.KS,000120,CJ대한통운,KOSPI,도로 화물 운송업
000050.KS,000050,경방,KOSPI,종합 소매업
000700.KS,000700,유수홀딩스,KOSPI,회사 본부 및 경영 컨설팅 서비스업
003480.KS,003480,한진중공업홀딩스,KOSPI,연료용 가스 제조 및 배관공급업
